agent,count(*)
"Mozilla/5.0 (Windows NT 6.1; WOW64; Trident/7.0; rv:11.0) like Gecko",1642331
"VisualDx Apple/7.0.4 (10.2.1;iPhone;mobile)",1604099
"Mozilla/5.0 (Windows NT 6.1; Trident/7.0; rv:11.0) like Gecko",583595
"Mozilla/5.0 (Windows NT 6.1; WOW64) AppleWebKit/537.36 (KHTML, like Gecko) Chrome/56.0.2924.87 Safari/537.36",391287
ELB-HealthChecker/1.0,372547
"Mozilla/5.0 (Windows NT 6.1) AppleWebKit/537.36 (KHTML, like Gecko) Chrome/56.0.2924.87 Safari/537.36",272977
"VisualDx Apple/7.0.4 (10.2.1;iPad;mobile)",264707
"Mozilla/5.0 (Windows NT 10.0; WOW64) AppleWebKit/537.36 (KHTML, like Gecko) Chrome/56.0.2924.87 Safari/537.36",239416
"Mozilla/5.0 (Windows NT 10.0; Win64; x64) AppleWebKit/537.36 (KHTML, like Gecko) Chrome/56.0.2924.87 Safari/537.36",206720
"Mozilla/5.0 (Macintosh; Intel Mac OS X 10_12_3) AppleWebKit/602.4.8 (KHTML, like Gecko) Version/10.0.3 Safari/602.4.8",180851
"VisualDx Apple/7.0.4 (10.2;iPhone;mobile)",145104
"Mozilla/5.0 (Windows NT 6.1; Win64; x64) AppleWebKit/537.36 (KHTML, like Gecko) Chrome/56.0.2924.87 Safari/537.36",136547
"VisualDx Apple/7.0.4 (10.1.1;iPhone;mobile)",117923
"Mozilla/5.0 (Macintosh; Intel Mac OS X 10_12_3) AppleWebKit/537.36 (KHTML, like Gecko) Chrome/56.0.2924.87 Safari/537.36",104605
"Mozilla/5.0 (compatible; MSIE 10.0; Windows NT 6.1; WOW64; Trident/7.0)",78662
"Mozilla/4.0 (compatible; MSIE 7.0; Windows NT 6.1; WOW64; Trident/7.0; SLCC2; .NET CLR 2.0.50727; .NET CLR 3.5.30729; .NET CLR 3.0.30729; .NET4.0C; .NET4.0E)",74240
"Mozilla/5.0 (Macintosh; Intel Mac OS X 10_11_6) AppleWebKit/537.36 (KHTML, like Gecko) Chrome/56.0.2924.87 Safari/537.36",72446
"Mozilla/5.0 (iPhone; CPU iPhone OS 10_2_1 like Mac OS X) AppleWebKit/602.4.6 (KHTML, like Gecko) Version/10.0 Mobile/14D27 Safari/602.1",69952
"Mozilla/5.0 (compatible; MSIE 9.0; Windows NT 6.1; WOW64; Trident/5.0)",67369
"VisualDx Apple/7.0.4 (10.0.2;iPhone;mobile)",67108
"Mozilla/5.0 (Macintosh; Intel Mac OS X 10_10_5) AppleWebKit/537.36 (KHTML, like Gecko) Chrome/56.0.2924.87 Safari/537.36",59716
"Mozilla/5.0 (Windows NT 6.3; WOW64; Trident/7.0; rv:11.0) like Gecko",58246
"Mozilla/5.0 (Windows NT 6.3; WOW64) AppleWebKit/537.36 (KHTML, like Gecko) Chrome/56.0.2924.87 Safari/537.36",54001
"Mozilla/5.0 (Windows NT 10.0; Win64; x64) AppleWebKit/537.36 (KHTML, like Gecko) Chrome/51.0.2704.79 Safari/537.36 Edge/14.14393",50789
"Mozilla/5.0 (Windows NT 6.1; WOW64; rv:52.0) Gecko/20100101 Firefox/52.0",48485
"Mozilla/5.0 (Windows NT 10.0; WOW64; rv:51.0) Gecko/20100101 Firefox/51.0",44749
"Mozilla/5.0 (Windows NT 10.0; WOW64; rv:52.0) Gecko/20100101 Firefox/52.0",42582
"Mozilla/5.0 (Windows NT 6.1; WOW64; rv:51.0) Gecko/20100101 Firefox/51.0",42539
"Mozilla/5.0 (Macintosh; Intel Mac OS X 10_10_5) AppleWebKit/602.4.8 (KHTML, like Gecko) Version/10.0.3 Safari/602.4.8",39428
"Mozilla/5.0 (Macintosh; Intel Mac OS X 10_11_6) AppleWebKit/602.4.8 (KHTML, like Gecko) Version/10.0.3 Safari/602.4.8",38319
"Mozilla/5.0 (compatible; MSIE 9.0; Windows NT 6.1; Trident/5.0)",32215
"Mozilla/5.0 (Macintosh; Intel Mac OS X 10.11; rv:51.0) Gecko/20100101 Firefox/51.0",31511
"Mozilla/5.0 (iPad; CPU OS 10_2_1 like Mac OS X) AppleWebKit/602.4.6 (KHTML, like Gecko) Version/10.0 Mobile/14D27 Safari/602.1",30652
"VisualDx Apple/7.0.4 (10.3;iPhone;mobile)",30170
"VisualDx Apple/7.0.4 (9.3.5;iPhone;mobile)",28505
"Mozilla/5.0 (Macintosh; Intel Mac OS X 10.12; rv:51.0) Gecko/20100101 Firefox/51.0",24213
"VisualDx Apple/7.0.4 (9.3.5;iPad;mobile)",22730
"VisualDx Apple/7.0.4 (10.2;iPad;mobile)",22362
"Mozilla/5.0 (Windows NT 10.0; WOW64; Trident/7.0; rv:11.0) like Gecko",22219
"Mozilla/5.0 (X11; Linux x86_64; rv:24.0) Gecko/20111108 ConnectorFramework/2.30.6",21960
"Mozilla/5.0 (Windows NT 6.1; WOW64; rv:48.0) Gecko/20100101 Firefox/48.0",21083
"Mozilla/5.0 (compatible; MSIE 10.0; Windows NT 6.1; WOW64; Trident/6.0)",20936
"VisualDx Apple/2.25.2 (10.2.1;iPhone;mobile)",20763
"VisualDx Apple/7.0.3 (10.2.1;iPhone;mobile)",19601
"VisualDx Apple/7.0.4 (10.1.1;iPad;mobile)",19480
"Mozilla/5.0 (Windows NT 6.1; WOW64; rv:45.0) Gecko/20100101 Firefox/45.0",19360
"Mozilla/5.0 (Windows NT 6.1; rv:51.0) Gecko/20100101 Firefox/51.0",19336
"Mozilla/5.0 (compatible; Googlebot/2.1; +http://www.google.com/bot.html)",18779
"VisualDx Apple/7.0.4 (10.0.2;iPad;mobile)",18655
"Mozilla/5.0 (Windows NT 10.0; WOW64; Trident/7.0; Touch; rv:11.0) like Gecko",18144
"Mozilla/5.0 (Windows NT 6.3; WOW64; Trident/7.0; Touch; rv:11.0) like Gecko",17305
"Mozilla/5.0 (Macintosh; Intel Mac OS X 10.11; rv:50.0) Gecko/20100101 Firefox/50.0",17143
"Mozilla/5.0 (Windows NT 5.1) AppleWebKit/537.36 (KHTML, like Gecko) Chrome/49.0.2623.112 Safari/537.36",16644
"VisualDx Apple/2.25.2 (8.3;iPhone;mobile)",15999
"Mozilla/5.0 (Windows NT 6.1; rv:52.0) Gecko/20100101 Firefox/52.0",15969
"modmed%20Practice/1703071716 CFNetwork/808.3 Darwin/16.3.0",15926
"VisualDx Apple/7.0.4 (10.0.1;iPhone;mobile)",15640
"VisualDx Apple/7.0.4 (9.3.2;iPhone;mobile)",14894
"Mozilla/5.0 (Windows NT 6.3; Win64; x64) AppleWebKit/537.36 (KHTML, like Gecko) Chrome/56.0.2924.87 Safari/537.36",14423
"Mozilla/5.0 (Macintosh; Intel Mac OS X 10_9_5) AppleWebKit/537.36 (KHTML, like Gecko) Chrome/56.0.2924.87 Safari/537.36",13833
"Mozilla/5.0 (Macintosh; Intel Mac OS X 10_9_5) AppleWebKit/601.7.8 (KHTML, like Gecko) Version/9.1.3 Safari/537.86.7",13819
"Mozilla/5.0 (Windows NT 6.1; WOW64; rv:50.0) Gecko/20100101 Firefox/50.0",13745
"VisualDx Apple/2.25.1 (10.2.1;iPhone;mobile)",13538
"VisualDx Apple/7.0.4 (9.3.2;iPad;mobile)",13319
"VisualDx Apple/7.0.4 (9.1;iPad;mobile)",13313
"Mozilla/5.0 (Macintosh; Intel Mac OS X 10_11_6) AppleWebKit/601.7.7 (KHTML, like Gecko) Version/9.1.2 Safari/601.7.7",13059
"Mozilla/5.0 (Windows NT 10.0) AppleWebKit/537.36 (KHTML, like Gecko) Chrome/56.0.2924.87 Safari/537.36",12233
"Mozilla/5.0 (compatible; MSIE 10.0; Windows NT 6.1; Trident/6.0)",12218
"Mozilla/5.0 (Windows NT 10.0; Win64; x64) AppleWebKit/537.36 (KHTML, like Gecko) Chrome/46.0.2486.0 Safari/537.36 Edge/13.10586",12036
"Mozilla/5.0 (Windows NT 6.1; Win64; x64; Trident/7.0; rv:11.0) like Gecko",12032
"Mozilla/5.0 (Macintosh; Intel Mac OS X 10.11; rv:52.0) Gecko/20100101 Firefox/52.0",11946
"Mozilla/5.0 (Macintosh; Intel Mac OS X 10_12_2) AppleWebKit/602.3.12 (KHTML, like Gecko) Version/10.0.2 Safari/602.3.12",11549
"Mozilla/5.0 (Windows NT 6.1; WOW64) AppleWebKit/537.36 (KHTML, like Gecko) Chrome/55.0.2883.87 Safari/537.36",11455
"Mozilla/5.0 (Macintosh; Intel Mac OS X 10_11_6) AppleWebKit/601.7.8 (KHTML, like Gecko) Version/9.1.3 Safari/601.7.8",11270
"Mozilla/5.0 (compatible; MSIE 10.0; Windows NT 6.1; Trident/7.0)",11112
"VisualDx Apple/2.25.2 (8.2;iPhone;mobile)",11052
"VisualDx Apple/7.1.0 (10.2;iPhone;mobile)",10724
"Mozilla/5.0 (iPhone; CPU iPhone OS 10_2 like Mac OS X) AppleWebKit/602.3.12 (KHTML, like Gecko) Version/10.0 Mobile/14C92 Safari/602.1",10549
"Mozilla/5.0 (Macintosh; Intel Mac OS X 10_12_2) AppleWebKit/537.36 (KHTML, like Gecko) Chrome/56.0.2924.87 Safari/537.36",10013
"VisualDx Apple/7.0.4 (9.1;iPhone;mobile)",9808
"Mozilla/5.0 (Macintosh; Intel Mac OS X 10_12_1) AppleWebKit/537.36 (KHTML, like Gecko) Chrome/56.0.2924.87 Safari/537.36",9694
"Mozilla/5.0 (Macintosh; Intel Mac OS X 10_7_5) AppleWebKit/537.36 (KHTML, like Gecko) Chrome/49.0.2623.112 Safari/537.36",9355
"Mozilla/5.0 (Macintosh; Intel Mac OS X 10_12_0) AppleWebKit/537.36 (KHTML, like Gecko) Chrome/56.0.2924.87 Safari/537.36",8954
"Mozilla/5.0 (Macintosh; Intel Mac OS X 10.10; rv:51.0) Gecko/20100101 Firefox/51.0",8880
"Mozilla/5.0 (Macintosh; Intel Mac OS X 10.12; rv:52.0) Gecko/20100101 Firefox/52.0",8826
"Mozilla/5.0 (Windows NT 6.1; WOW64) AppleWebKit/537.36 (KHTML, like Gecko) Chrome/55.0.2883.75 Safari/537.36",8730
"VisualDx Apple/7.0.4 (9.3.4;iPhone;mobile)",8698
"Mozilla/5.0 (Windows NT 6.1) AppleWebKit/537.36 (KHTML, like Gecko) Chrome/57.0.2987.98 Safari/537.36",8687
"Mozilla/5.0 (Macintosh; Intel Mac OS X 10_11_5) AppleWebKit/537.36 (KHTML, like Gecko) Chrome/56.0.2924.87 Safari/537.36",8475
"Mozilla/4.0 (compatible; MSIE 7.0; Windows NT 6.1; WOW64; Trident/7.0; SLCC2; .NET CLR 2.0.50727; .NET4.0C; .NET4.0E; .NET CLR 3.5.30729; .NET CLR 3.0.30729)",8474
"Mozilla/5.0 (Windows NT 6.1; WOW64; rv:47.0) Gecko/20100101 Firefox/47.0",8386
"VisualDx Apple/7.0.4 (9.3.3;iPhone;mobile)",8386
"VisualDx Android/7.2.14 (Android 7.0-HUAWEIEVA-L19; HUAWEI EVA-L19/EVA;WIFI)",8306
"Mozilla/5.0 (Windows NT 6.1) AppleWebKit/537.36 (KHTML, like Gecko) Chrome/55.0.2883.87 Safari/537.36",8147
"Mozilla/5.0 (Windows NT 6.1; Trident/7.0; ISAProxyIE6; rv:11.0) like Gecko",8143
"Mozilla/5.0 (Macintosh; Intel Mac OS X 10.10; rv:52.0) Gecko/20100101 Firefox/52.0",7952
"Mozilla/5.0 (Windows NT 6.1; Win64; x64) AppleWebKit/537.36 (KHTML, like Gecko) Chrome/55.0.2883.87 Safari/537.36",7717
"VisualDx Apple/7.0.4 (9.3.1;iPhone;mobile)",7660
"Mozilla/5.0 (X11; Linux x86_64) AppleWebKit/537.36 (KHTML, like Gecko; Google Web Preview) Chrome/27.0.1453 Safari/537.36",7620
"Mozilla/5.0 (Macintosh; Intel Mac OS X 10_11_5) AppleWebKit/601.6.17 (KHTML, like Gecko) Version/9.1.1 Safari/601.6.17",7609
"Mozilla/5.0 (Macintosh; Intel Mac OS X 10_8_5) AppleWebKit/600.8.9 (KHTML, like Gecko) Version/6.2.8 Safari/537.85.17",7605
"Mozilla/5.0 (Macintosh; Intel Mac OS X 10_12) AppleWebKit/602.1.50 (KHTML, like Gecko) Version/10.0 Safari/602.1.50",7416
"Mozilla/5.0 (Windows NT 6.1; WOW64) AppleWebKit/537.36 (KHTML, like Gecko) Chrome/57.0.2987.98 Safari/537.36",6871
"Mozilla/5.0 (Macintosh; Intel Mac OS X 10_9_5) AppleWebKit/537.78.2 (KHTML, like Gecko) Version/7.0.6 Safari/537.78.2",6844
"Mozilla/5.0 (Macintosh; Intel Mac OS X 10_11_6) AppleWebKit/602.2.14 (KHTML, like Gecko) Version/10.0.1 Safari/602.2.14",6684
"VisualDx Android/7.2.11 (Android 5.0-LRX21V; samsung SM-N900T/MSM8974;WIFI)",6448
"modmed%20Practice/1702081650 CFNetwork/808.3 Darwin/16.3.0",6306
"Mozilla/5.0 (Macintosh; Intel Mac OS X 10_12_1) AppleWebKit/602.2.14 (KHTML, like Gecko) Version/10.0.1 Safari/602.2.14",6262
"Mozilla/5.0 (Macintosh; Intel Mac OS X 10_8_5) AppleWebKit/537.36 (KHTML, like Gecko) Chrome/49.0.2623.112 Safari/537.36",6246
"VisualDx Apple/2.25.1 (9.3.2;iPhone;mobile)",6217
"Mozilla/5.0 (Windows NT 6.1; Win64; x64) AppleWebKit/537.36 (KHTML, like Gecko) Chrome/57.0.2987.98 Safari/537.36",6138
"Mozilla/5.0 (Macintosh; Intel Mac OS X 10_12_4) AppleWebKit/603.1.30 (KHTML, like Gecko) Version/10.1 Safari/603.1.30",6132
"Mozilla/5.0 (Windows NT 6.1; rv:45.0) Gecko/20100101 Firefox/45.0",6068
"VisualDx Android/7.2.11 (Android 6.0.1-MMB29M; samsung SM-G930V/msm8996;WIFI)",6021
"Mozilla/5.0 (iPhone; CPU iPhone OS 10_1_1 like Mac OS X) AppleWebKit/602.2.14 (KHTML, like Gecko) Version/10.0 Mobile/14B100 Safari/602.1",6008
"Mozilla/5.0 (Windows NT 10.0; Win64; x64) AppleWebKit/537.36 (KHTML, like Gecko) Chrome/57.0.2987.110 Safari/537.36",5919
"Mozilla/5.0 (X11; CrOS x86_64 9000.91.0) AppleWebKit/537.36 (KHTML, like Gecko) Chrome/56.0.2924.110 Safari/537.36",5910
"Mozilla/5.0 (Macintosh; Intel Mac OS X 10_10_5) AppleWebKit/602.3.12 (KHTML, like Gecko) Version/10.0.2 Safari/602.3.12",5854
"Mozilla/5.0 (Windows NT 6.1; WOW64; Trident/7.0; UADFSWIA; rv:11.0) like Gecko",5600
"Mozilla/5.0 (Macintosh; Intel Mac OS X 10_11_6) AppleWebKit/602.3.12 (KHTML, like Gecko) Version/10.0.2 Safari/602.3.12",5542
"Mozilla/5.0 (Windows NT 6.3; WOW64; rv:52.0) Gecko/20100101 Firefox/52.0",5476
"Mozilla/5.0 (iPad; CPU OS 9_3_5 like Mac OS X) AppleWebKit/601.1.46 (KHTML, like Gecko) Version/9.0 Mobile/13G36 Safari/601.1",5444
"VisualDx Android/7.2.14 (Android 6.0.1-MMB29K; samsung SM-G920V/universal7420;WIFI)",5377
"Mozilla/5.0 (Windows NT 6.2; WOW64) AppleWebKit/537.36 (KHTML, like Gecko) Chrome/56.0.2924.87 Safari/537.36",5319
"Mozilla/5.0 (Windows NT 6.1) AppleWebKit/537.36 (KHTML, like Gecko) Chrome/56.0.2924.76 Safari/537.36",5277
"Mozilla/5.0 (Macintosh; Intel Mac OS X 10_12_3) AppleWebKit/537.36 (KHTML, like Gecko) Chrome/57.0.2987.98 Safari/537.36",5166
"Mozilla/5.0 (Windows NT 6.1; WOW64; Trident/7.0; UCH-IE1; rv:11.0) like Gecko",5157
"VisualDx Apple/7.0.4 (9.2;iPhone;mobile)",5154
"Mozilla/5.0 (Macintosh; Intel Mac OS X 10_11_4) AppleWebKit/537.36 (KHTML, like Gecko) Chrome/56.0.2924.87 Safari/537.36",5131
"VisualDx Apple/7.0.4 (10.1;iPhone;mobile)",5067
"Mozilla/5.0 (compatible; MSIE 9.0; Windows NT 6.1; Win64; x64; Trident/5.0)",5061
"VisualDx Apple/2.25.2 (10.2;iPhone;mobile)",4982
"VisualDx Android/7.2.14 (Android 7.0-NRD90M; samsung SM-G935T/msm8996;WIFI)",4968
"VisualDx Apple/7.1.0 (9.3.5;iPad;mobile)",4893
"VisualDx Android/7.2.11 (Android 6.0.1-MMB29K; samsung SM-G920V/universal7420;MOBILE)",4884
"Mozilla/5.0 (compatible; bingbot/2.0; +http://www.bing.com/bingbot.htm)",4850
"VisualDx Apple/7.1.0 (10.3;iPhone;mobile)",4820
"Mozilla/5.0 (Windows NT 10.0; Win64; x64) AppleWebKit/537.36 (KHTML, like Gecko) Chrome/57.0.2987.98 Safari/537.36",4807
"modmed%20Practice/1702281713 CFNetwork/808.3 Darwin/16.3.0",4803
"Mozilla/5.0 (Macintosh; Intel Mac OS X 10_10_2) AppleWebKit/537.36 (KHTML, like Gecko) Chrome/56.0.2924.87 Safari/537.36",4776
"Mozilla/4.0 (compatible; MSIE 7.0; Windows NT 6.1; WOW64; Trident/7.0; SLCC2; .NET CLR 2.0.50727; .NET CLR 3.5.30729; .NET CLR 3.0.30729; .NET4.0C; .NET4.0E; InfoPath.3)",4665
"Mozilla/5.0 (Windows NT 5.1; rv:45.0) Gecko/20100101 Firefox/45.0",4580
"Mozilla/5.0 (compatible; YandexImages/3.0; +http://yandex.com/bots)",4572
"VisualDx Android/7.2.14 (Android 4.4.4-SU6-7.7; motorola XT1080/MSM8960;WIFI)",4540
"Mozilla/5.0 (Macintosh; Intel Mac OS X 10_10_5) AppleWebKit/602.2.14 (KHTML, like Gecko) Version/10.0.1 Safari/602.2.14",4508
"Mozilla/5.0 (Windows NT 6.1; WOW64) AppleWebKit/537.36 (KHTML, like Gecko) Chrome/54.0.2840.99 Safari/537.36",4447
"VisualDx Android/7.2.14 (Android 6.0.1-MMB29M; samsung SM-G930V/msm8996;WIFI)",4375
"VisualDx Apple/7.0.4 (9.2.1;iPhone;mobile)",4366
"Mozilla/5.0 (Windows NT 6.3; WOW64; rv:51.0) Gecko/20100101 Firefox/51.0",4360
"Mozilla/5.0 (Macintosh; Intel Mac OS X 10_12_3) AppleWebKit/537.36 (KHTML, like Gecko) Chrome/57.0.2987.110 Safari/537.36",4329
"VisualDx Apple/7.1.0 (10.2;iPad;mobile)",4281
"Mozilla/5.0 (iPad; CPU OS 10_2 like Mac OS X) AppleWebKit/602.3.12 (KHTML, like Gecko) Version/10.0 Mobile/14C92 Safari/602.1",4152
"VisualDx Android/7.2.11 (Android 5.1.1-LMY47V; samsung SM-T285/SC9830I;WIFI)",4145
"Mozilla/5.0 (Macintosh; Intel Mac OS X 10_11_3) AppleWebKit/601.4.4 (KHTML, like Gecko) Version/9.0.3 Safari/601.4.4",4109
"Mozilla/5.0 (Macintosh; Intel Mac OS X 10_11_2) AppleWebKit/601.3.9 (KHTML, like Gecko) Version/9.0.2 Safari/601.3.9",4079
"Mozilla/4.0 (compatible; MSIE 7.0; Windows NT 6.1; Trident/7.0; SLCC2; .NET CLR 2.0.50727; .NET CLR 3.5.30729; .NET CLR 3.0.30729; Media Center PC 6.0; .NET4.0C; .NET4.0E)",4078
"Mozilla/5.0 (Macintosh; Intel Mac OS X 10.8; rv:48.0) Gecko/20100101 Firefox/48.0",4075
"Mozilla/5.0 (Windows NT 6.1; WOW64) AppleWebKit/537.36 (KHTML, like Gecko) Chrome/57.0.2987.133 Safari/537.36",4056
"VisualDx Apple/7.0.4 (9.3.3;iPad;mobile)",4031
"Mozilla/5.0 (Windows; U; Windows NT 5.1; en-US) AppleWebKit/537.36 (KHTML, like Gecko) Chrome/27.0.1453.116 Safari/537.36 HubSpot Webcrawler - web-crawlers@hubspot.com",4018
"Mozilla/5.0 (Windows NT 6.1; WOW64) AppleWebKit/537.36 (KHTML, like Gecko) Chrome/56.0.2924.76 Safari/537.36",3981
"VisualDx Android/7.2.14 (Android 6.0.1-MMB29M; samsung SM-G935V/msm8996;WIFI)",3969
"VisualDx Android/7.2.14 (Android 7.0-NRD90U; LGE VS987/msm8996;WIFI)",3948
"Mozilla/5.0 (Macintosh; Intel Mac OS X 10_10_4) AppleWebKit/537.36 (KHTML, like Gecko) Chrome/56.0.2924.87 Safari/537.36",3940
"VisualDx Apple/2.24.1 (10.2.1;iPhone;WIFI)",3883
"VisualDx Android/7.2.14 (Android 6.0.1-MMB29M; samsung SM-N910V/APQ8084;WIFI)",3796
"VisualDx Android/7.2.14 (Android 6.0.1-MMB29K; samsung SM-G920V/universal7420;MOBILE)",3787
"VisualDx Apple/2.25.2 (8.1.3;iPhone;mobile)",3739
"Mozilla/5.0 (Macintosh; Intel Mac OS X 10.9; rv:51.0) Gecko/20100101 Firefox/51.0",3722
"Mozilla/5.0 (Windows NT 6.1; WOW64; rv:38.0) Gecko/20100101 Firefox/38.0",3714
"VisualDx Apple/2.22 (5.1.1;iPad;WIFI)",3713
"VisualDx Apple/7.1.0 (9.3.5;iPhone;mobile)",3691
"Mozilla/5.0 (Windows NT 6.1; WOW64; Trident/7.0; AKH Wien; rv:11.0) like Gecko",3681
"VisualDx Apple/2.25.0 (10.2.1;iPhone;mobile)",3670
"Mozilla/5.0 (Windows NT 6.1; WOW64) AppleWebKit/537.36 (KHTML, like Gecko) Chrome/57.0.2987.110 Safari/537.36",3663
"VisualDx Android/7.2.14 (Android 6.0.1-MMB29M; samsung SM-G935V/msm8996;MOBILE)",3609
"Mozilla/5.0 (Macintosh; Intel Mac OS X 10_11_4) AppleWebKit/601.5.17 (KHTML, like Gecko) Version/9.1 Safari/601.5.17",3538
"VisualDx Android/7.2.11 (Android 6.0.1-MMB29M; samsung SM-G930V/msm8996;MOBILE)",3525
"Mozilla/5.0 (Macintosh; Intel Mac OS X 10_11_6) AppleWebKit/603.1.30 (KHTML, like Gecko) Version/10.1 Safari/603.1.30",3525
"Mozilla/5.0 (Windows NT 6.1) AppleWebKit/537.36 (KHTML, like Gecko) Chrome/54.0.2840.87 Safari/537.36",3510
"VisualDx Android/7.2.14 (Android 7.1.1-NOF27B; Google Pixel XL/marlin;WIFI)",3508
"VisualDx Apple/7.0.4 (10.0;iPhone;mobile)",3497
"VisualDx Android/7.2.14 (Android 6.0.1-MMB29P; asus P01M/EeePad;WIFI)",3466
"VisualDx Apple/7.0.4 (9.2;iPad;mobile)",3442
"Mozilla/4.0 (compatible; MSIE 7.0; Windows NT 6.1; WOW64; Trident/7.0; SLCC2; .NET CLR 2.0.50727; .NET CLR 3.5.30729; .NET CLR 3.0.30729; Media Center PC 6.0; .NET4.0C; .NET4.0E)",3434
"Mozilla/5.0 (Macintosh; Intel Mac OS X 10_10_3) AppleWebKit/537.36 (KHTML, like Gecko) Chrome/56.0.2924.87 Safari/537.36",3348
"VisualDx Apple/7.0.4 (9.2.1;iPad;mobile)",3328
"Xenu Link Sleuth/1.3.8",3318
"VisualDx Android/7.2.11 (Android 6.0.1-MMB29M; samsung SAMSUNG-SM-G930A/msm8996;WIFI)",3304
"Mozilla/5.0 (Macintosh; Intel Mac OS X 10_11_3) AppleWebKit/537.36 (KHTML, like Gecko) Chrome/56.0.2924.87 Safari/537.36",3281
"Mozilla/5.0 (Windows NT 6.1) AppleWebKit/537.36 (KHTML, like Gecko) Chrome/47.0.2526.80 Safari/537.36",3254
"Mozilla/5.0 (Windows NT 6.1; Win64; x64) AppleWebKit/537.36 (KHTML, like Gecko) Chrome/57.0.2987.110 Safari/537.36",3213
"Mozilla/5.0 (iPhone; CPU iPhone OS 10_0_2 like Mac OS X) AppleWebKit/602.1.50 (KHTML, like Gecko) Version/10.0 Mobile/14A456 Safari/602.1",3202
"Mozilla/5.0 (Windows NT 10.0; WOW64) AppleWebKit/537.36 (KHTML, like Gecko) Chrome/57.0.2987.98 Safari/537.36",3199
"VisualDx Android/7.2.14 (Android 7.1.1-N4F26T; LGE Nexus 5X/bullhead;WIFI)",3185
"Mozilla/5.0 (Windows NT 6.1) AppleWebKit/537.36 (KHTML, like Gecko) Chrome/57.0.2987.133 Safari/537.36",3173
"Mozilla/5.0 (Windows NT 6.1) AppleWebKit/537.36 (KHTML, like Gecko) Chrome/57.0.2987.110 Safari/537.36",3123
"VisualDx Apple/2.25.2 (8.1.1;iPhone;mobile)",3117
"VisualDx Apple/2.25.2 (8.0;iPad;mobile)",3115
"Mozilla/5.0 (Windows NT 6.1; KIOSK; Trident/7.0; rv:11.0) like Gecko",3071
"VisualDx Apple/2.25.2 (10.2.1;iPad;mobile)",3069
"VisualDx Android/7.2.11 (Android 6.0.1-MMB29K; samsung SM-G920V/universal7420;WIFI)",3067
"VisualDx Android/7.2.14 (Android 7.0-NRD90M; samsung SAMSUNG-SM-G930A/msm8996;WIFI)",3047
"VisualDx Android/7.2.14 (Android 6.0.1-MMB29M; samsung SM-N910V/APQ8084;MOBILE)",3032
"VisualDx Android/7.2.11 (Android 6.0.1-MMB29M; samsung SM-N910V/APQ8084;WIFI)",3021
"Mozilla/5.0 (Windows NT 6.1) AppleWebKit/537.36 (KHTML, like Gecko) Chrome/50.0.2661.102 Safari/537.36",3016
"Mozilla/5.0 (Windows NT 6.1; WOW64) AppleWebKit/537.36 (KHTML, like Gecko) Chrome/51.0.2704.103 Safari/537.36",2952
"VisualDx Apple/2.25.2 (8.1.2;iPhone;mobile)",2934
"VisualDx Android/7.2.11 (Android 6.0.1-MMB29K; samsung SM-G930F/universal8890;MOBILE)",2924
"Mozilla/5.0 (Macintosh; Intel Mac OS X 10_10_5) AppleWebKit/537.36 (KHTML, like Gecko) Chrome/55.0.2883.95 Safari/537.36",2917
"VisualDx Android/7.2.14 (Android 6.0.1-MMB29K; samsung SM-N920V/universal7420;MOBILE)",2910
"VisualDx Apple/7.1.0 (9.3;iPad;mobile)",2873
"VisualDx Android/7.2.11 (Android 7.1.1-NOF26V; Google Pixel/sailfish;MOBILE)",2847
"Mozilla/5.0 (Macintosh; Intel Mac OS X 10_10_5) AppleWebKit/600.8.9 (KHTML, like Gecko) Version/8.0.8 Safari/600.8.9",2829
"Mozilla/5.0 (Windows NT 6.1; WOW64) AppleWebKit/537.36 (KHTML, like Gecko) Chrome/39.0.2171.65 Safari/537.36",2762
"VisualDx Apple/2.25.1 (10.1.1;iPad;mobile)",2761
"Mozilla/5.0 (Macintosh; Intel Mac OS X 10_10_4) AppleWebKit/600.7.12 (KHTML, like Gecko) Version/8.0.7 Safari/600.7.12",2751
"Mozilla/5.0 (Windows NT 6.1; Trident/7.0; UADFSWIA; rv:11.0) like Gecko",2728
"Mozilla/5.0 (Macintosh; Intel Mac OS X 10_10_5) AppleWebKit/603.1.30 (KHTML, like Gecko) Version/10.1 Safari/603.1.30",2721
"VisualDx Apple/2.25.2 (8.4.1;iPad;mobile)",2696
"Mozilla/5.0 (Macintosh; Intel Mac OS X 10_11_6) AppleWebKit/602.1.50 (KHTML, like Gecko) Version/10.0 Safari/602.1.50",2633
"VisualDx Apple/2.25.2 (8.3;iPad;mobile)",2625
"Mozilla/5.0 (Windows NT 6.1; WOW64; Trident/7.0; MAFSJS; rv:11.0) like Gecko",2622
"Mozilla/5.0 (Linux; Android 6.0.1; SAMSUNG-SM-G920A Build/MMB29K) AppleWebKit/537.36 (KHTML, like Gecko) Chrome/56.0.2924.87 Mobile Safari/537.36",2618
"VisualDx Android/7.2.14 (Android 7.0-NRD90M; samsung SM-G930P/msm8996;MOBILE)",2611
"VisualDx Apple/7.0.2 (10.2;iPhone;mobile)",2580
"VisualDx Apple/2.19 (8.4.1;iPad;WIFI)",2575
"VisualDx Apple/2.25.0 (10.2.1;iPad;mobile)",2568
"Mozilla/5.0 (Macintosh; Intel Mac OS X 10.7; rv:48.0) Gecko/20100101 Firefox/48.0",2561
"VisualDx Android/7.2.14 (Android 6.0.1-MCG24.251-5-5; motorola XT1254/APQ8084;WIFI)",2557
"modmed%20Practice/1703071716 CFNetwork/808.1.4 Darwin/16.1.0",2544
"VisualDx Apple/7.0.2 (10.2.1;iPhone;mobile)",2529
"VisualDx Apple/7.0.4 (10.3;iPad;mobile)",2517
"Mozilla/5.0 (iPad; CPU OS 10_0_2 like Mac OS X) AppleWebKit/602.1.50 (KHTML, like Gecko) Version/10.0 Mobile/14A456 Safari/602.1",2448
Googlebot-Image/1.0,2434
"VisualDx Android/7.2.11 (Android 6.0.1-MMB29M; samsung SM-N910V/APQ8084;MOBILE)",2420
"VisualDx Apple/2.25.1 (8.1.2;iPhone;mobile)",2412
"VisualDx Apple/2.22 (10.2.1;iPhone;WIFI)",2375
"Mozilla/5.0 (X11; CrOS armv7l 9000.91.0) AppleWebKit/537.36 (KHTML, like Gecko) Chrome/56.0.2924.110 Safari/537.36",2371
"Mozilla/5.0 (Macintosh; Intel Mac OS X 10_12_3) AppleWebKit/537.36 (KHTML, like Gecko) Chrome/55.0.2883.95 Safari/537.36",2361
"Mozilla/5.0 (Linux; Android 6.0.1; SM-A510M Build/MMB29K) AppleWebKit/537.36 (KHTML, like Gecko) Chrome/56.0.2924.87 Mobile Safari/537.36",2360
"VisualDx Android/7.2.14 (Android 7.0-NRD90M; samsung SM-G930T/msm8996;WIFI)",2355
"Mozilla/5.0 (iPad; CPU OS 10_1_1 like Mac OS X) AppleWebKit/602.2.14 (KHTML, like Gecko) Version/10.0 Mobile/14B100 Safari/602.1",2341
"VisualDx Apple/2.25.2 (9.3.5;iPhone;mobile)",2332
"VisualDx Apple/2.24.1 (8.1.3;iPad;WIFI)",2322
"Mozilla/5.0 (iPhone; CPU iPhone OS 10_2_1 like Mac OS X) AppleWebKit/602.1.50 (KHTML, like Gecko) CriOS/56.0.2924.79 Mobile/14D27 Safari/602.1",2316
"VisualDx Apple/2.24.1 (10.0.2;iPhone;mobile)",2288
"VisualDx Android/7.2.14 (Android 7.1.1-N4F26T; LGE Nexus 5X/bullhead;MOBILE)",2265
"VisualDx Apple/7.0.3 (10.2.1;iPad;mobile)",2257
"VisualDx Apple/2.25.2 (10.1.1;iPhone;mobile)",2253
"VisualDx Android/7.2.11 (Android 7.0-NRD90M; samsung SM-G935T/msm8996;WIFI)",2249
"VisualDx Android/7.2.14 (Android 4.4.2-17.1.1.B.3.174; Sony SO-03F/MSM8974;WIFI)",2242
"VisualDx Android/7.2.10 (Android 4.4.4-KTU84P; samsung SM-A500F/MSM8916;mobile)",2233
"Mozilla/5.0 (Macintosh; Intel Mac OS X 10_12_4) AppleWebKit/537.36 (KHTML, like Gecko) Chrome/56.0.2924.87 Safari/537.36",2205
"VisualDx Android/7.2.11 (Android 6.0.1-MMB29M; samsung SM-G935V/msm8996;MOBILE)",2197
"VisualDx Apple/2.25.0 (8.1;iPhone;mobile)",2173
"VisualDx Android/7.2.11 (Android 6.0-MPHS24.49-18-16; motorola XT1575/msm8992;WIFI)",2173
"VisualDx Apple/2.25.2 (9.3.2;iPhone;mobile)",2155
"Mozilla/5.0 (Windows NT 6.1; WOW64) AppleWebKit/537.36 (KHTML, like Gecko) Chrome/52.0.2743.116 Safari/537.36",2150
"VisualDx Android/7.2.11 (Android 5.0.2-LRX22G; LGE LG-V500/MSM8960;WIFI)",2150
"Mozilla/5.0 (Windows NT 6.1; WOW64) AppleWebKit/537.36 (KHTML, like Gecko) Chrome/48.0.2564.116 Safari/537.36",2146
"Mozilla/5.0 (Windows NT 6.1; WOW64) AppleWebKit/537.36 (KHTML, like Gecko) Chrome/54.0.2840.87 Safari/537.36",2134
"VisualDx Android/7.2.11 (Android 6.0.1-MMB29M; samsung SM-G900V/MSM8974;WIFI)",2115
"VisualDx Android/7.2.11 (Android 6.0.1-MMB29M; samsung SAMSUNG-SM-G891A/msm8996;WIFI)",2100
"VisualDx Android/7.2.14 (Android 5.0-LRX21V; samsung SM-N900P/MSM8974;WIFI)",2100
"VisualDx Android/7.2.11 (Android 5.0.2-LRX22G; samsung SM-S920L/MSM8916;MOBILE)",2088
"VisualDx Android/7.2.14 (Android 6.0.1-MMB29M; samsung SM-G900V/MSM8974;MOBILE)",2084
"Mozilla/5.0 (iPhone; CPU iPhone OS 10_2_1 like Mac OS X) AppleWebKit/600.1.4 (KHTML, like Gecko) GSA/23.1.148956103 Mobile/14D27 Safari/600.1.4",2071
"Mozilla/5.0 (Windows NT 6.1; WOW64) AppleWebKit/537.36 (KHTML, like Gecko) Chrome/33.0.1750.154 Safari/537.36",2059
"VisualDx Apple/7.0.4 (10.0.1;iPad;mobile)",2034
"VisualDx Android/7.2.14 (Android 6.0.1-MMB29M; samsung SM-G930V/msm8996;MOBILE)",2025
"Mozilla/4.0 (compatible; MSIE 7.0; Windows NT 6.1; Trident/7.0; SLCC2; .NET CLR 2.0.50727; .NET CLR 3.5.30729; .NET CLR 3.0.30729; Media Center PC 6.0; Tablet PC 2.0; .NET4.0C; .NET4.0E)",2021
"VisualDx Android/7.2.14 (Android 7.1.1-N4F26T; Huawei Nexus 6P/angler;WIFI)",2021
"VisualDx Android/7.2.14 (Android 7.0-NCK25.118-10; motorola XT1585/msm8994;MOBILE)",1999
"VisualDx Apple/2.22 (6.1;iPhone;WIFI)",1992
"VisualDx Android/7.2.11 (Android 6.0.1-MMB29M; samsung SM-G935V/msm8996;WIFI)",1978
"VisualDx Android/7.2.11 (Android 6.0.1-32.2.A.5.11; Sony E5803/msm8994;MOBILE)",1968
"Mozilla/5.0 (Windows NT 6.3; Win64; x64) AppleWebKit/537.36 (KHTML, like Gecko) Chrome/57.0.2987.98 Safari/537.36",1966
"VisualDx Android/7.2.11 (Android 6.0.1-MMB29M; samsung SM-G900V/MSM8974;MOBILE)",1963
"VisualDx Android/7.2.11 (Android 5.0-LRX21V; samsung SM-N900T/MSM8974;MOBILE)",1944
"VisualDx Android/7.2.14 (Android 6.0.1-MMB29K; samsung SAMSUNG-SM-J120A/universal3475;MOBILE)",1942
"Mozilla/5.0 (Windows NT 6.3; Win64; x64; rv:52.0) Gecko/20100101 Firefox/52.0",1941
"Mozilla/5.0 (compatible; MSIE 9.0; Windows NT 6.2; WOW64; Trident/7.0; QG Managed)",1935
"VisualDx Android/7.2.14 (Android 7.0-NRD90M; samsung SM-G930P/msm8996;WIFI)",1927
"VisualDx Android/7.2.11 (Android 6.0.1-MMB29K; samsung SM-G930F/universal8890;WIFI)",1926
"VisualDx Android/7.2.14 (Android 6.0.1-MMB29K; samsung SAMSUNG-SM-G890A/universal7420;WIFI)",1923
"Mozilla/5.0 (Windows NT 6.1) AppleWebKit/537.36 (KHTML, like Gecko) Chrome/42.0.2311.135 Safari/537.36",1921
"Mozilla/5.0 (Windows NT 6.1; WOW64; rv:43.0) Gecko/20100101 Firefox/43.0",1919
"VisualDx Android/7.2.14 (Android 7.0-NRD90M; samsung SAMSUNG-SM-G935A/msm8996;WIFI)",1897
"VisualDx Android/7.2.11 (Android 5.1.1-23.4.A.1.232; Sony D6502/MSM8974;WIFI)",1893
"Mozilla/5.0 (Windows NT 6.1; Win64; x64) AppleWebKit/537.36 (KHTML, like Gecko) Chrome/57.0.2987.133 Safari/537.36",1892
"Mozilla/5.0 (iPhone; CPU iPhone OS 10_2_1 like Mac OS X) AppleWebKit/602.1.50 (KHTML, like Gecko) CriOS/57.0.2987.100 Mobile/14D27 Safari/602.1",1889
"Mozilla/4.0 (compatible; MSIE 7.0; Windows NT 6.1; Trident/7.0; SLCC2; .NET CLR 2.0.50727; .NET CLR 3.5.30729; .NET CLR 3.0.30729; Media Center PC 6.0; .NET4.0C; .NET4.0E; Tablet PC 2.0)",1878
"VisualDx Android/7.2.14 (Android 4.4.2-KOT49H; LENOVO Lenovo A5000/lcsh82_cwet_lx_kk;mobile)",1871
"Mozilla/5.0 (Windows NT 6.3; WOW64; Trident/7.0; UADFSWIA; rv:11.0) like Gecko",1869
"Mozilla/5.0 (Macintosh; Intel Mac OS X 10_10_5) AppleWebKit/537.36 (KHTML, like Gecko) Chrome/57.0.2987.98 Safari/537.36",1861
"Mozilla/5.0 (iPad; CPU OS 10_2_1 like Mac OS X) AppleWebKit/602.1.50 (KHTML, like Gecko) CriOS/56.0.2924.79 Mobile/14D27 Safari/602.1",1853
"Mozilla/5.0 (Macintosh; Intel Mac OS X 10_11_6) AppleWebKit/537.36 (KHTML, like Gecko) Chrome/55.0.2883.95 Safari/537.36",1851
"Mozilla/5.0 (Macintosh; Intel Mac OS X 10.6; rv:48.0) Gecko/20100101 Firefox/48.0",1848
"VisualDx Android/7.1.8 (Android 6.0.1-MCG24.251-5-5; motorola XT1254/APQ8084;MOBILE)",1836
"VisualDx Apple/2.25.2 (8.4;iPhone;mobile)",1816
"VisualDx Android/7.2.14 (Android 6.0.1-MMB29M; samsung SM-N910T/APQ8084;WIFI)",1803
"VisualDx Android/7.2.14 (Android 7.1.1-NOF27B; Google Pixel/sailfish;MOBILE)",1798
"VisualDx Android/7.2.11 (Android 7.0-NRD90M; samsung SM-G935T/msm8996;MOBILE)",1786
"VisualDx Android/7.2.14 (Android 6.0.1-MMB29K; asus Nexus 7/flo;WIFI)",1767
"Mozilla/5.0 (Windows NT 6.1) AppleWebKit/537.36 (KHTML, like Gecko) Chrome/43.0.2357.132 Safari/537.36",1753
"VisualDx Apple/7.0.4 (9.3.4;iPad;mobile)",1748
"Mozilla/5.0 (Macintosh; Intel Mac OS X 10.10; rv:45.0) Gecko/20100101 Firefox/45.0",1740
"Mozilla/5.0 (Windows NT 10.0; Win64; x64) AppleWebKit/537.36 (KHTML, like Gecko) Chrome/57.0.2987.133 Safari/537.36",1717
"VisualDx Apple/2.25.2 (7.1.1;iPad;mobile)",1708
"Mozilla/5.0 (Macintosh; Intel Mac OS X 10.10; rv:49.0) Gecko/20100101 Firefox/49.0",1706
"Mozilla/5.0 (Windows NT 6.1) AppleWebKit/537.36 (KHTML, like Gecko) Chrome/51.0.2704.106 Safari/537.36",1704
"VisualDx Android/7.2.14 (Android 7.0-NRD90M; samsung SM-G930T/msm8996;MOBILE)",1702
"VisualDx Android/7.2.14 (Android 7.1.1-NOF26V; Google Pixel/sailfish;WIFI)",1694
"VisualDx Apple/7.0.2 (9.3.4;iPhone;mobile)",1679
"VisualDx Android/7.2.14 (Android 5.0-LRX21V; samsung SM-N900V/MSM8974;MOBILE)",1678
"Mozilla/4.0 (compatible; MSIE 7.0; Windows NT 6.1; Win64; x64; Trident/4.0; .NET CLR 2.0.50727; SLCC2; .NET4.0C; .NET4.0E; .NET CLR 3.5.30729; .NET CLR 3.0.30729)",1675
"VisualDx Apple/2.25.2 (8.4;iPad;mobile)",1673
"Mozilla/5.0 (compatible; MegaIndex.ru/2.0; +http://megaindex.com/crawler)",1673
"VisualDx Apple/7.0.3 (9.3.2;iPhone;mobile)",1663
"Mozilla/5.0 (Windows NT 6.1) AppleWebKit/537.36 (KHTML, like Gecko) Chrome/51.0.2681.0 Safari/537.36",1663
"Mozilla/5.0 (Windows NT 10.0; WOW64; rv:49.0) Gecko/20100101 Firefox/49.0",1661
"VisualDx Apple/2.25.2 (9.3.5;iPad;mobile)",1657
"VisualDx Android/7.2.14 (Android 6.0.1-MMB29K; samsung SM-G920T/universal7420;MOBILE)",1653
"VisualDx Android/7.2.14 (Android 6.0.1-MMB29K; samsung SM-G920I/universal7420;MOBILE)",1652
"VisualDx Android/3.1.10 (Android 4.4.2-KOT49I.D80020y; LGE LG-D800/MSM8974;WIFI)",1639
"VisualDx Apple/2.25.1 (8.4.1;iPad;mobile)",1601
"VisualDx Apple/7.0.4 (10.0.3;iPhone;mobile)",1593
"Mozilla/5.0 (Macintosh; Intel Mac OS X 10_10_5) AppleWebKit/601.6.17 (KHTML, like Gecko) Version/9.1.1 Safari/601.6.17",1592
"modmed%20Practice/1702081650 CFNetwork/808.1.4 Darwin/16.1.0",1582
"Mozilla/5.0 (Windows NT 6.1; WOW64) AppleWebKit/537.36 (KHTML, like Gecko) Chrome/45.0.2454.99 Safari/537.36",1571
"Mozilla/5.0 (Windows NT 6.0) AppleWebKit/537.36 (KHTML, like Gecko) Chrome/49.0.2623.112 Safari/537.36",1567
"VisualDx Android/7.2.14 (Android 7.0-NRD90M; samsung SM-G935F/universal8890;MOBILE)",1562
"VisualDx Apple/2.24.1 (8.1.2;iPhone;mobile)",1560
"Mozilla/5.0 (Macintosh; Intel Mac OS X 10_10_5) AppleWebKit/601.5.17 (KHTML, like Gecko) Version/9.1 Safari/601.5.17",1557
"VisualDx Android/7.2.14 (Android 5.0.2-LRX22G; Obi SF1/msm8939;WIFI)",1552
"VisualDx Android/7.2.11 (Android 6.0.1-MMB29M; samsung SM-G930U/msm8996;WIFI)",1529
"VisualDx Android/7.2.11 (Android 7.1.1-NOF26V; Google Pixel/sailfish;WIFI)",1525
"Mozilla/5.0 (iPad; CPU OS 10_2_1 like Mac OS X) AppleWebKit/602.1.50 (KHTML, like Gecko) CriOS/57.0.2987.100 Mobile/14D27 Safari/602.1",1521
"VisualDx Android/7.2.11 (Android 6.0.1-MMB29M; samsung SM-G900T/MSM8974;MOBILE)",1507
"VisualDx Android/7.2.11 (Android 7.0-NRD90U; LGE VS987/msm8996;WIFI)",1507
"Mozilla/5.0 (Windows NT 6.1; Win64; x64) AppleWebKit/537.36 (KHTML, like Gecko) Chrome/54.0.2840.99 Safari/537.36",1500
"Mozilla/5.0 (Macintosh; Intel Mac OS X 10_9_5) AppleWebKit/601.6.17 (KHTML, like Gecko) Version/9.1.1 Safari/537.86.6",1498
"VisualDx Android/7.2.11 (Android 7.0-NBD91X; motorola Nexus 6/shamu;MOBILE)",1498
"VisualDx Android/7.2.14 (Android 7.0-NRD90U; LGE LGLS992/msm8996;MOBILE)",1493
"Mozilla/5.0 (iPhone; CPU iPhone OS 9_3_5 like Mac OS X) AppleWebKit/601.1.46 (KHTML, like Gecko) Version/9.0 Mobile/13G36 Safari/601.1",1487
"VisualDx Apple/7.0.3 (10.0.1;iPhone;mobile)",1448
"Mozilla/5.0 (Windows NT 6.1; WOW64; Trident/7.0; MDDRJS; rv:11.0) like Gecko",1446
"Mozilla/5.0 (Macintosh; Intel Mac OS X 10_10_2) AppleWebKit/600.3.18 (KHTML, like Gecko) Version/8.0.3 Safari/600.3.18",1432
"VisualDx Android/7.2.11 (Android 5.0.1-LRX22C; samsung SCH-I545/MSM8960;WIFI)",1429
"VisualDx Android/7.2.14 (Android 7.0-NRD90M; samsung SM-G930F/universal8890;MOBILE)",1424
"Mozilla/5.0 (Windows NT 6.1; Win64; x64) AppleWebKit/537.36 (KHTML, like Gecko) Chrome/54.0.2840.87 Safari/537.36",1416
"VisualDx Android/7.2.14 (Android 6.0.1-MMB29K; samsung SM-N920V/universal7420;WIFI)",1415
"VisualDx Apple/2.24.1 (10.2.1;iPhone;mobile)",1399
"VisualDx Android/7.2.11 (Android 6.0.1-MMB29K; samsung SAMSUNG-SM-N920A/universal7420;WIFI)",1397
"VisualDx Android/7.2.11 (Android 6.0.1-MMB29K; samsung SM-G935F/universal8890;WIFI)",1390
"VisualDx Android/7.2.14 (Android 6.0.1-MMB29K; samsung SAMSUNG-SM-N920A/universal7420;WIFI)",1378
"Mozilla/5.0 (Macintosh; Intel Mac OS X 10.9; rv:52.0) Gecko/20100101 Firefox/52.0",1375
"Mozilla/5.0 (Linux; Android 6.0.1; Nexus 5X Build/MMB29P) AppleWebKit/537.36 (KHTML, like Gecko) Chrome/41.0.2272.96 Mobile Safari/537.36 (compatible; Googlebot/2.1; +http://www.google.com/bot.html)",1365
"VisualDx Android/7.2.14 (Android 5.1.1-LMY47X; samsung SAMSUNG-SM-G920A/universal7420;MOBILE)",1364
"Mozilla/5.0 (Windows NT 6.1; rv:21.0) Gecko/20100101 Firefox/21.0",1363
"VisualDx Apple/7.0.3 (10.1.1;iPhone;mobile)",1363
"Mozilla/4.0 (compatible; MSIE 7.0; Windows NT 6.1; Win64; x64; Trident/5.0; .NET CLR 2.0.50727; SLCC2; .NET4.0C; .NET4.0E; .NET CLR 3.5.30729; .NET CLR 3.0.30729)",1361
"VisualDx Apple/7.1.0 (9.2.1;iPhone;mobile)",1361
"VisualDx Android/7.2.14 (Android 6.0.1-MMB29K; samsung SM-G925I/universal7420;MOBILE)",1357
"VisualDx Android/7.2.11 (Android 7.0-NRD90M; samsung SM-G930P/msm8996;WIFI)",1354
"Mozilla/5.0 (Macintosh; Intel Mac OS X 10_10_5) AppleWebKit/602.1.50 (KHTML, like Gecko) Version/10.0 Safari/602.1.50",1334
"VisualDx Android/7.2.11 (Android 6.0.1-MMB29K; samsung SAMSUNG-SM-G890A/universal7420;MOBILE)",1333
"VisualDx Android/7.2.14 (Android 6.0.1-MMB29M; samsung SM-G900T/MSM8974;MOBILE)",1330
"VisualDx Apple/2.24.1 (10.1.1;iPhone;WIFI)",1322
"VisualDx Apple/7.1.0 (10.0.1;iPhone;mobile)",1314
"VisualDx Android/7.2.14 (Android 6.0.1-MMB29K; samsung SM-G920T/universal7420;WIFI)",1306
"Mozilla/5.0 (Windows NT 6.3; WOW64) AppleWebKit/537.36 (KHTML, like Gecko) Chrome/57.0.2987.98 Safari/537.36",1302
"VisualDx Android/7.2.14 (Android 7.1.1-NOF27B; Google Pixel/sailfish;WIFI)",1295
"VisualDx Android/7.2.14 (Android 6.0.1-MMB29K; samsung SM-G928P/universal7420;MOBILE)",1292
"Mozilla/5.0 (Windows NT 10.0; WOW64) AppleWebKit/537.36 (KHTML, like Gecko) Chrome/57.0.2987.110 Safari/537.36",1291
"Mozilla/5.0 (Linux; Android 5.1; XT1031 Build/LPB23.13-56-5) AppleWebKit/537.36 (KHTML, like Gecko) Chrome/56.0.2924.87 Mobile Safari/537.36",1286
"Mozilla/5.0 (Windows NT 6.1; rv:42.0) Gecko/20100101 Firefox/42.0",1283
"VisualDx Apple/2.25.2 (9.0.2;iPhone;mobile)",1280
"Mozilla/5.0 (Macintosh; Intel Mac OS X 10_11_6) AppleWebKit/601.7.1 (KHTML, like Gecko) Version/9.1.2 Safari/601.7.1",1270
"Mozilla/4.0 (compatible; MSIE 8.0; Windows NT 6.1; Trident/4.0; SLCC2; .NET CLR 2.0.50727; .NET CLR 3.5.30729; .NET CLR 3.0.30729; Media Center PC 6.0; MDDS; .NET4.0C; BRI/1; BRI/2)",1270
"Mozilla/5.0 (Windows NT 6.1; Win64; x64; rv:51.0) Gecko/20100101 Firefox/51.0",1268
"Mozilla/5.0 (compatible; MJ12bot/v1.4.7; http://mj12bot.com/)",1252
"Mozilla/5.0 (Linux; Android 6.0.1; SM-G930V Build/MMB29M) AppleWebKit/537.36 (KHTML, like Gecko) Chrome/56.0.2924.87 Mobile Safari/537.36",1251
"VisualDx Apple/2.25.0 (10.2;iPhone;mobile)",1250
"Mozilla/5.0 (iPhone; CPU iPhone OS 9_3_2 like Mac OS X) AppleWebKit/601.1.46 (KHTML, like Gecko) Version/9.0 Mobile/13F69 Safari/601.1",1242
"Mozilla/5.0 (Macintosh; Intel Mac OS X 10_9_5) AppleWebKit/537.36 (KHTML, like Gecko) Chrome/55.0.2883.95 Safari/537.36",1236
"Mozilla/5.0 (Macintosh; Intel Mac OS X 10_9_5) AppleWebKit/601.7.7 (KHTML, like Gecko) Version/9.1.2 Safari/537.86.7",1234
"Mozilla/5.0 (Linux; Android 6.0.1; SM-G920V Build/MMB29K) AppleWebKit/537.36 (KHTML, like Gecko) Chrome/56.0.2924.87 Mobile Safari/537.36",1233
"VisualDx Apple/2.25.1 (8.4.1;iPad;WIFI)",1233
"VisualDx Apple/2.25.1 (10.1.1;iPad;WIFI)",1225
"VisualDx Android/7.2.14 (Android 5.0.1-LRX22C; samsung SCH-I545/MSM8960;WIFI)",1225
"Mozilla/5.0 (Windows NT 6.1; Trident/7.0; MDDRJS; rv:11.0) like Gecko",1224
"VisualDx Android/7.2.14 (Android 6.0.1-MMB29K; samsung SM-G920P/universal7420;WIFI)",1224
"VisualDx Android/7.2.14 (Android 4.4.2-KOT49H; HTC HTC Desire 820G PLUS dual sim/lcsh92_cwet_htc_kk;mobile)",1224
"VisualDx Android/7.2.14 (Android 7.0-NRD90M; samsung SAMSUNG-SM-G935A/msm8996;MOBILE)",1218
"VisualDx Android/7.2.14 (Android 6.0.1-M4B30Z; LGE Nexus 5/hammerhead;WIFI)",1210
"VisualDx Android/7.2.11 (Android 4.4.4-KTU84P; ONDA V919 3G Air DualOS/baylake;WIFI)",1207
"VisualDx Android/7.2.11 (Android 6.0.1-MMB29M; samsung SAMSUNG-SM-N910A/APQ8084;WIFI)",1203
"Mozilla/5.0 (Macintosh; Intel Mac OS X 10.12; rv:49.0) Gecko/20100101 Firefox/49.0",1203
"VisualDx Android/7.2.11 (Android 6.0.1-MCG24.251-5; motorola XT1254/APQ8084;WIFI)",1193
"VisualDx Android/7.2.14 (Android 6.0.1-MMB29K; samsung SM-G920I/universal7420;WIFI)",1191
"Mozilla/5.0 (Windows NT 6.3; Trident/7.0; rv:11.0) like Gecko",1183
"VisualDx Apple/2.24 (10.2.1;iPhone;mobile)",1182
"Mozilla/5.0 (Linux; Android 4.2.1; en-us; Nexus 5 Build/JOP40D) AppleWebKit/535.19 (KHTML, like Gecko; googleweblight) Chrome/38.0.1025.166 Mobile Safari/535.19",1176
"VisualDx Android/7.2.14 (Android 6.0.1-MMB29M; samsung SM-G900V/MSM8974;WIFI)",1176
"VisualDx Android/7.2.14 (Android 7.0-NRD90M; samsung SM-G935P/msm8996;MOBILE)",1175
"VisualDx Android/7.2.14 (Android 7.0-NRD90M; samsung SAMSUNG-SM-G930A/msm8996;MOBILE)",1174
"Mobile VisualDx/com.logicalimages.visualdxmobile (7.0.1.51; OS Version 10.2 (Build 14C92))",1173
"VisualDx Android/7.2.11 (Android 4.4.2-KOT49H; samsung SM-G386T1/MSM8226;mobile)",1170
"Mozilla/5.0 (Macintosh; Intel Mac OS X 10_11_1) AppleWebKit/537.36 (KHTML, like Gecko) Chrome/56.0.2924.87 Safari/537.36",1169
"Mozilla/5.0 (Windows NT 10.0; Win64; x64) AppleWebKit/537.36 (KHTML, like Gecko) Chrome/58.0.3026.0 Safari/537.36",1167
"Mozilla/5.0 (Macintosh; Intel Mac OS X 10_12_3) AppleWebKit/537.36 (KHTML, like Gecko) Chrome/57.0.2987.88 Safari/537.36",1158
"Mozilla/5.0 (Macintosh; Intel Mac OS X 10_11_0) AppleWebKit/537.36 (KHTML, like Gecko) Chrome/56.0.2924.87 Safari/537.36",1155
"Mozilla/5.0 (Windows NT 6.1) AppleWebKit/537.36 (KHTML, like Gecko) Chrome/53.0.2785.143 Safari/537.36",1150
"VisualDx Android/7.2.14 (Android 6.0.1-MMB29K; samsung SM-G935F/universal8890;WIFI)",1149
"Mozilla/5.0 (Macintosh; Intel Mac OS X 10_10_3) AppleWebKit/600.5.17 (KHTML, like Gecko) Version/8.0.5 Safari/600.5.17",1144
"Mozilla/5.0 (Linux; Android 6.0.1; SM-G900V Build/MMB29M) AppleWebKit/537.36 (KHTML, like Gecko) Chrome/56.0.2924.87 Mobile Safari/537.36",1134
"VisualDx Android/7.2.14 (Android 4.4.4-23.0.A.2.93; Sony D6603/MSM8974;WIFI)",1134
"VisualDx Android/7.2.14 (Android 5.0.2-LRX22G; LGE LG-V410/MSM8226;WIFI)",1133
"VisualDx Android/7.2.11 (Android 4.4.2-KOT49H; samsung SAMSUNG-SGH-I747/MSM8960;WIFI)",1131
"VisualDx Android/7.2.14 (Android 6.0.1-MMB29M; samsung SM-T550/MSM8916;WIFI)",1115
"Mozilla/5.0 (iPhone; CPU iPhone OS 10_0_1 like Mac OS X) AppleWebKit/602.1.50 (KHTML, like Gecko) Version/10.0 Mobile/14A403 Safari/602.1",1111
"VisualDx Apple/2.25.1 (10.1.1;iPhone;mobile)",1109
"VisualDx Apple/2.25.2 (8.4.1;iPad;WIFI)",1102
"Mozilla/5.0 (Macintosh; Intel Mac OS X 10_11_6) AppleWebKit/537.36 (KHTML, like Gecko) Chrome/57.0.2987.98 Safari/537.36",1099
"Mozilla/5.0 (Windows NT 10.0; rv:51.0) Gecko/20100101 Firefox/51.0",1096
"Mozilla/5.0 (Windows NT 6.1) AppleWebKit/537.36 (KHTML, like Gecko) Chrome/55.0.2883.75 Safari/537.36",1095
"VisualDx Android/2.22 (Android 5.0-LRX21V; samsung SAMSUNG-SM-N900A/MSM8974;WIFI)",1083
"VisualDx Android/7.2.14 (Android 6.0.1-MMB29M; samsung SAMSUNG-SM-N910A/APQ8084;MOBILE)",1079
"VisualDx Android/7.2.14 (Android 6.0.1-MMB29M; samsung SM-G930U/msm8996;WIFI)",1074
"VisualDx Android/7.2.11 (Android 5.0.2-LRX22G; Obi SF1/msm8939;WIFI)",1070
"VisualDx Android/7.2.14 (Android 4.4.4-SU6-7.7; motorola XT1080/MSM8960;mobile)",1069
"VisualDx Apple/2.23.01 (7.1.1;iPhone;mobile)",1064
"Mozilla/5.0 (Windows NT 6.1; WOW64) AppleWebKit/537.36 (KHTML, like Gecko) Chrome/48.0.2564.103 Safari/537.36",1058
"Mozilla/5.0 (Windows NT 6.3; Win64; x64) AppleWebKit/537.36 (KHTML, like Gecko) Chrome/55.0.2883.87 Safari/537.36",1055
"VisualDx Android/7.2.14 (Android 6.0.1-MMB29M; samsung SM-N910P/APQ8084;WIFI)",1054
"VisualDx Android/7.2.11 (Android 6.0-MRA58K; LGE VS986/msm8992;WIFI)",1053
"Mozilla/5.0 (X11; Linux x86_64; rv:45.0) Gecko/20100101 Firefox/45.0",1051
"VisualDx Android/7.2.11 (Android 4.4.2-17.1.1.B.3.174; Sony SO-03F/MSM8974;WIFI)",1049
"Mozilla/5.0 (Macintosh; Intel Mac OS X 10_10_2) AppleWebKit/537.36 (KHTML, like Gecko) Chrome/57.0.2987.98 Safari/537.36",1049
"VisualDx Android/7.2.3 (Android 4.4.4-KTU84P; samsung SGH-M919/MSM8960;mobile)",1047
"VisualDx Android/7.2.14 (Android 6.0.1-MMB29K; samsung SAMSUNG-SM-G890A/universal7420;MOBILE)",1042
"Mozilla/5.0 (Windows NT 5.1; rv:52.0) Gecko/20100101 Firefox/52.0",1038
"Mozilla/5.0 (Macintosh; Intel Mac OS X 10_11_1) AppleWebKit/601.2.7 (KHTML, like Gecko) Version/9.0.1 Safari/601.2.7",1037
"Mozilla/5.0 (Macintosh; Intel Mac OS X 10_11_2) AppleWebKit/537.36 (KHTML, like Gecko) Chrome/56.0.2924.87 Safari/537.36",1031
"VisualDx Apple/2.25.2 (8.1;iPad;mobile)",1023
"VisualDx Android/7.2.11 (Android 5.0-LRX21V; samsung SM-N900P/MSM8974;WIFI)",1016
"VisualDx Android/7.2.14 (Android 4.4.2-KOT49H; samsung SM-G386T1/MSM8226;mobile)",1014
"VisualDx Android/7.2.11 (Android 7.0-NRD90M; LGE LG-H918/msm8996;MOBILE)",1007
"VisualDx Android/7.2.14 (Android 7.0-NRD90M; asus ASUS_Z012D/msm8953;WIFI)",1007
"Mozilla/5.0 (iPhone; CPU iPhone OS 9_3_4 like Mac OS X) AppleWebKit/601.1.46 (KHTML, like Gecko) Version/9.0 Mobile/13G35 Safari/601.1",1006
"VisualDx Android/7.2.14 (Android 6.0.1-MMB29K; samsung SAMSUNG-SM-G920A/universal7420;WIFI)",1004
"Mozilla/5.0 (Windows NT 6.1; WOW64; rv:15.0) Gecko/20120912 Firefox/15.0.1",999
"VisualDx Android/7.2.14 (Android 6.0.1-MMB29M; asus P024/EeePad;WIFI)",992
"VisualDx Apple/2.25.1 (8.4.1;iPhone;mobile)",985
"VisualDx Android/7.2.14 (Android 6.0-MRA58K; LGE VS986/msm8992;MOBILE)",979
"VisualDx Android/7.2.14 (Android 4.4.4-KTU84P; samsung SGH-M919/MSM8960;WIFI)",978
"VisualDx Apple/7.1.0 (10.1.1;iPhone;mobile)",974
"VisualDx Android/7.2.14 (Android 6.0.1-MMB29K; samsung SM-G928V/universal7420;MOBILE)",972
"VisualDx Android/7.2.14 (Android 6.0-MRA58K; LGE LG-H811/msm8992;MOBILE)",968
"Mozilla/5.0 (Macintosh; Intel Mac OS X 10_11_6) AppleWebKit/537.36 (KHTML, like Gecko) Chrome/59.0.3047.0 Safari/537.36",968
"VisualDx Android/7.2.11 (Android 6.0-MPHS24.49-18-16; motorola XT1575/msm8992;MOBILE)",965
"Mozilla/5.0 (Windows NT 10.0; rv:52.0) Gecko/20100101 Firefox/52.0",964
"Mozilla/5.0 (Linux; Android 6.0.1; SM-G935V Build/MMB29M) AppleWebKit/537.36 (KHTML, like Gecko) Chrome/56.0.2924.87 Mobile Safari/537.36",957
"Mozilla/5.0 (Windows NT 6.1; Win64; x64) AppleWebKit/537.36 (KHTML, like Gecko) Chrome/48.0.2564.103 Safari/537.36",953
"VisualDx Android/7.2.14 (Android 5.1.1-LMY47V; LENOVO Lenovo A6020l36/msm8916;MOBILE)",951
"VisualDx Android/7.2.11 (Android 6.0.1-MMB29K; samsung SM-G550T/universal3475;MOBILE)",943
"VisualDx Android/7.2.11 (Android 7.0-NRD90M; samsung SM-G930P/msm8996;MOBILE)",940
"VisualDx Android/7.2.14 (Android 7.0-NRD90M; samsung SM-G930F/universal8890;WIFI)",937
"Mozilla/5.0 (Macintosh; Intel Mac OS X 10_10_0) AppleWebKit/537.36 (KHTML, like Gecko) Chrome/56.0.2924.87 Safari/537.36",936
"VisualDx Apple/2.25.2 (9.1;iPhone;mobile)",936
"Mozilla/4.0 (compatible; MSIE 8.0; Windows NT 6.1; Trident/4.0; SLCC2; .NET CLR 2.0.50727; .NET CLR 3.5.30729; .NET CLR 3.0.30729; Media Center PC 6.0; .NET4.0C; .NET4.0E)",935
"VisualDx Android/7.2.11 (Android 5.0-LRX21T; samsung SAMSUNG-SM-G900A/MSM8974;WIFI)",934
"VisualDx Apple/7.0.4 (9.3;iPhone;mobile)",934
"VisualDx Android/7.2.11 (Android 6.0-HuaweiALE-L21; HUAWEI ALE-L21/BalongV8R1SFT;WIFI)",928
"Mozilla/5.0 (compatible; MSIE 9.0; Windows NT 6.1; Trident/5.0; MALC) NHN-IkkeSensitiv 3.IE.01",928
"Mozilla/5.0 (iPhone; CPU iPhone OS 10_3 like Mac OS X) AppleWebKit/603.1.30 (KHTML, like Gecko) Version/10.0 Mobile/14E277 Safari/602.1",924
"VisualDx Android/7.2.14 (Android 6.0.1-MMB29K; samsung SM-G925P/universal7420;WIFI)",921
"VisualDx Android/7.2.11 (Android 6.0.1-MMB29M; samsung SAMSUNG-SM-G935A/msm8996;WIFI)",916
"Mozilla/5.0 (Macintosh; Intel Mac OS X 10_9_4) AppleWebKit/537.36 (KHTML, like Gecko) Chrome/56.0.2924.87 Safari/537.36",915
"Mozilla/5.0 (iPad; CPU OS 9_3_2 like Mac OS X) AppleWebKit/601.1.46 (KHTML, like Gecko) Version/9.0 Mobile/13F69 Safari/601.1",911
"VisualDx Apple/2.25.2 (8.4.1;iPhone;mobile)",910
"Mozilla/5.0 (Windows NT 6.1; WOW64; Trident/7.0; rv:11.0; chromeframe/21.0.1180.89) like Gecko",905
"VisualDx Android/7.2.14 (Android 6.0.1-MMB29K; samsung SM-G930W8/universal8890;WIFI)",905
"VisualDx Android/7.2.14 (Android 6.0.1-MMB29M; samsung SAMSUNG-SM-G900A/MSM8974;WIFI)",897
"Mozilla/5.0 (iPhone; CPU iPhone OS 9_3_3 like Mac OS X) AppleWebKit/601.1.46 (KHTML, like Gecko) Version/9.0 Mobile/13G34 Safari/601.1",891
"VisualDx Android/7.2.11 (Android 6.0.1-MMB29M; samsung SAMSUNG-SM-N910A/APQ8084;MOBILE)",889
"Mozilla/5.0 (Windows NT 6.1; WOW64) AppleWebKit/537.36 (KHTML, like Gecko) Chrome/50.0.2661.94 Safari/537.36",887
"Mozilla/5.0 (Macintosh; Intel Mac OS X 10.9; rv:50.0) Gecko/20100101 Firefox/50.0",884
"VisualDx Apple/7.0.3 (10.0.2;iPhone;mobile)",882
"Mozilla/5.0 (Windows NT 6.1) AppleWebKit/537.36 (KHTML, like Gecko) Chrome/51.0.2704.84 Safari/537.36",882
"Mozilla/4.0 (compatible; MSIE 7.0; Windows NT 6.1; Trident/7.0; SLCC2; .NET CLR 2.0.50727; .NET CLR 3.5.30729; .NET CLR 3.0.30729; Media Center PC 6.0; Tablet PC 2.0; .NET4.0C; .NET4.0E; InfoPath.2)",881
"Mozilla/5.0 (Windows NT 6.1; WOW64) AppleWebKit/537.36 (KHTML, like Gecko) Chrome/49.0.2623.87 Safari/537.36",880
"VisualDx Android/7.2.14 (Android 6.0.1-MMB29K; samsung SM-G925V/universal7420;MOBILE)",869
"VisualDx Android/7.2.14 (Android 6.0.1-MMB29K; samsung SM-N920R4/universal7420;WIFI)",861
"Mozilla/5.0 (Windows NT 6.2; Win64; x64) AppleWebKit/537.36 (KHTML, like Gecko) Chrome/56.0.2924.87 Safari/537.36",857
"VisualDx Android/7.2.14 (Android 5.0-LRX21T; samsung SM-G900V/MSM8974;MOBILE)",854
"Mozilla/5.0 (Windows NT 6.1; WOW64) AppleWebKit/537.36 (KHTML, like Gecko) Chrome/50.0.2661.102 Safari/537.36",852
"modmed%20Practice/1703071716 CFNetwork/808.2.16 Darwin/16.3.0",852
"VisualDx Android/7.2.14 (Android 6.0-MRA58K; LGE LGLS991/msm8992;MOBILE)",850
"VisualDx Android/7.2.14 (Android 7.0-NCK25.118-10; motorola XT1585/msm8994;WIFI)",847
"VisualDx Android/7.2.11 (Android 7.0-NRD90M; samsung SAMSUNG-SM-G935A/msm8996;MOBILE)",839
"Mozilla/5.0 (Linux; Android 6.0.1; SAMSUNG SM-N920V 4G Build/MMB29K) AppleWebKit/537.36 (KHTML, like Gecko) SamsungBrowser/4.0 Chrome/44.0.2403.133 Mobile Safari/537.36",839
"VisualDx Android/7.2.11 (Android 7.1.1-N4F26O; Huawei Nexus 6P/angler;WIFI)",837
"VisualDx Apple/2.25.1 (9.2.1;iPhone;mobile)",837
"VisualDx Android/7.2.14 (Android 6.0-MRA58K; LGE VS986/msm8992;WIFI)",837
"Mozilla/5.0 (compatible; MSIE 9.0; Windows NT 6.1; Trident/5.0; EIE10;ENUSWOL)",835
"VisualDx Apple/2.25.1 (8.1.3;iPad;mobile)",835
"VisualDx Apple/7.0.3 (9.3.4;iPhone;mobile)",832
"VisualDx Android/7.2.11 (Android 6.0.1-MMB29K; samsung SM-N920V/universal7420;MOBILE)",825
"Mozilla/5.0 (Windows NT 10.0; Win64; x64) AppleWebKit/537.36 (KHTML, like Gecko) Chrome/55.0.2883.75 Safari/537.36",820
"VisualDx Android/7.2.11 (Android 4.3-JSS15J; samsung SGH-I747M/MSM8960;mobile)",820
"Mozilla/5.0 (Windows NT 10.0; WOW64) AppleWebKit/537.36 (KHTML, like Gecko) Chrome/57.0.2987.133 Safari/537.36",814
"Mozilla/4.0 (compatible; MSIE 7.0; Windows NT 6.1; WOW64; Trident/7.0; SLCC2; .NET CLR 2.0.50727; .NET CLR 3.5.30729; .NET CLR 3.0.30729; Media Center PC 6.0; .NET4.0C; .NET4.0E; InfoPath.3)",810
Twitterbot/1.0,808
"VisualDx Android/7.2.14 (Android 7.1.1-NMF26F; OnePlus ONEPLUS A3003/QC_Reference_Phone;MOBILE)",804
"VisualDx Android/7.2.8 (Android 5.0.1-LRX22C; HTC HTC One_M8/MSM8974;MOBILE)",802
"Mozilla/5.0 (Macintosh; Intel Mac OS X 10_12_3) AppleWebKit/537.36 (KHTML, like Gecko) Chrome/49.0.2623.112 Safari/537.36",799
"Mozilla/5.0 (Macintosh; Intel Mac OS X 10_11_5) AppleWebKit/537.36 (KHTML, like Gecko) Chrome/55.0.2883.95 Safari/537.36",798
"Mozilla/5.0 (Windows NT 6.3) AppleWebKit/537.36 (KHTML, like Gecko) Chrome/56.0.2924.87 YaBrowser/17.3.0.1785 Yowser/2.5 Safari/537.36",794
"VisualDx Android/7.2.14 (Android 6.0-MRA58K; LGE LGUS991/msm8992;WIFI)",792
"VisualDx Apple/2.24 (7.0.4;iPad;WIFI)",791
"VisualDx Android/7.2.11 (Android 5.0-LRX21V; asus ASUS_Z00AD/moorefield;MOBILE)",788
"VisualDx Android/7.2.14 (Android 6.0-MRA58K; LGE LG-H901/msm8992;WIFI)",787
"Mozilla/5.0 (Windows NT 6.1; WOW64) AppleWebKit/537.36 (KHTML, like Gecko) Chrome/47.0.2526.106 Safari/537.36",782
"VisualDx Android/7.2.11 (Android 6.0.1-MMB29K; samsung SM-N920P/universal7420;MOBILE)",778
"VisualDx Apple/7.0.4 (9.3.1;iPad;mobile)",775
"Mozilla/5.0 (Windows NT 10.0; WOW64) AppleWebKit/537.36 (KHTML, like Gecko) Chrome/55.0.2883.87 Safari/537.36",771
"VisualDx Android/7.2.14 (Android 6.0.1-MMB29M; samsung SAMSUNG-SM-N910A/APQ8084;WIFI)",769
"Mozilla/5.0 (iPhone; CPU iPhone OS 10_2_1 like Mac OS X) AppleWebKit/600.1.4 (KHTML, like Gecko) GSA/23.0.147401934 Mobile/14D27 Safari/600.1.4",768
"VisualDx Android/7.2.11 (Android 7.0-NCK25.118-10; motorola XT1585/msm8994;WIFI)",766
"Mozilla/5.0 (Windows NT 6.1; Win64; x64) AppleWebKit/537.36 (KHTML, like Gecko) Chrome/53.0.2785.101 Safari/537.36",765
"Mozilla/4.0 (compatible; MSIE 8.0; Windows NT 6.1; WOW64; Trident/4.0; SLCC2; .NET CLR 2.0.50727; .NET CLR 3.5.30729; .NET CLR 3.0.30729; Media Center PC 6.0; .NET4.0C; .NET4.0E; InfoPath.3)",765
"VisualDx Android/7.2.11 (Android 6.0.1-MMB29K; samsung SM-G935F/universal8890;MOBILE)",760
"Mozilla/5.0 (Windows NT 6.1; WOW64) AppleWebKit/537.36 (KHTML, like Gecko) Chrome/54.0.2840.71 Safari/537.36",759
"Mozilla/5.0 (compatible; MSIE 9.0; Windows NT 6.1; WOW64; Trident/7.0)",756
"VisualDx Apple/2.25.1 (10.0.2;iPhone;mobile)",751
"VisualDx Android/7.2.11 (Android 6.0.1-MMB29M; samsung SAMSUNG-SM-G930AZ/msm8996;WIFI)",747
"Mobile VisualDx/com.logicalimages.visualdxmobile (7.0.1.51; OS Version 10.2.1 (Build 14D27))",745
"VisualDx Android/7.2.11 (Android 6.0.1-MMB29K; samsung SM-G925V/universal7420;WIFI)",739
"VisualDx Apple/2.23.01 (9.3.5;iPhone;WIFI)",739
"VisualDx Android/7.2.14 (Android 7.0-NRD90M; samsung SM-G935F/universal8890;WIFI)",738
"Mozilla/5.0 (Windows NT 6.1; rv:43.0) Gecko/20100101 Firefox/43.0",736
"VisualDx Apple/2.25.1 (8.1.2;iPad;mobile)",736
"Mozilla/5.0 (Windows NT 6.1) AppleWebKit/537.36 (KHTML, like Gecko) Chrome/54.0.2840.99 Safari/537.36",732
"VisualDx Android/7.2.11 (Android 6.0.1-MMB29K; samsung SM-N920V/universal7420;WIFI)",731
"VisualDx Android/7.2.14 (Android 7.1.1-N4F26O; Huawei Nexus 6P/angler;WIFI)",729
"UCWEB/2.0 (Java; U; MIDP-2.0; Nokia203/20.37) U2/1.0.0 UCBrowser/8.7.0.218 U2/1.0.0 Mobile",727
"VisualDx Apple/7.0.3 (9.3.1;iPhone;mobile)",727
"VisualDx Apple/2.21 (9.3.2;iPad;WIFI)",726
"VisualDx Android/7.2.14 (Android 7.0-NRD90M; samsung SM-G930V/msm8996;WIFI)",723
"VisualDx Android/7.2.11 (Android 7.0-NRD90M; samsung SAMSUNG-SM-G930A/msm8996;MOBILE)",722
"VisualDx Apple/2.25.1 (10.2;iPhone;mobile)",721
"VisualDx Android/7.2.11 (Android 7.0-NRD90M; samsung SM-G930T/msm8996;MOBILE)",720
"VisualDx Android/7.2.14 (Android 5.0-LRX21V; asus ASUS_Z00AD/moorefield;MOBILE)",720
"VisualDx Apple/2.25.2 (7.1.2;iPhone;mobile)",714
"VisualDx Apple/2.25.1 (10.0.1;iPhone;mobile)",713
"VisualDx Android/7.2.11 (Android 6.0.1-MMB29M; samsung SAMSUNG-SM-G930A/msm8996;MOBILE)",712
"VisualDx Android/7.2.11 (Android 6.0.1-MMB29K; samsung SM-G920P/universal7420;WIFI)",710
"VisualDx Android/7.2.14 (Android 6.0.1-MMB29K; samsung SM-G930F/universal8890;MOBILE)",710
"Mozilla/5.0 (Windows NT 6.1; Win64; x64; rv:45.0) Gecko/20100101 Firefox/45.0",709
"VisualDx Android/7.2.11 (Android 6.0.1-MMB29K; samsung SM-N910C/universal5433;MOBILE)",708
"VisualDx Android/7.2.14 (Android 6.0.1-MMB29K; samsung SM-G930W8/universal8890;MOBILE)",707
"VisualDx Android/7.2.14 (Android 7.1.1-NOF27B; Google Pixel XL/marlin;MOBILE)",707
"VisualDx Android/7.2.11 (Android 6.0.1-MMB29K; samsung SM-G925V/universal7420;MOBILE)",706
"VisualDx Android/7.2.11 (Android 6.0-MRA58K; LGE VS985 4G/MSM8974;MOBILE)",703
"Mozilla/5.0 (Windows NT 6.2; WOW64; Trident/7.0; QG Managed; rv:11.0) like Gecko",702
"Mozilla/5.0 (Linux; Android 6.0.1; XT1254 Build/MCG24.251-5-5) AppleWebKit/537.36 (KHTML, like Gecko) Chrome/56.0.2924.87 Mobile Safari/537.36",702
"VisualDx Android/7.2.14 (Android 6.0-MRA58K; LGE LG-H901/msm8992;MOBILE)",698
"Mozilla/5.0 (Windows NT 6.1; rv:44.0) Gecko/20100101 Firefox/44.0",696
"Mozilla/5.0 (Windows NT 6.3; WOW64; Trident/7.0; QG Managed; rv:11.0) like Gecko",694
"VisualDx Android/7.2.11 (Android 5.1.1-LMY48B; OnePlus A0001/MSM8974;MOBILE)",689
"VisualDx Android/7.2.14 (Android 6.0.1-MMB29M; samsung SM-A700FD/MSM8939;WIFI)",689
"VisualDx Apple/7.1.0 (9.3;iPhone;mobile)",688
"VisualDx Android/7.2.11 (Android 6.0.1-MMB29K; samsung SAMSUNG-SM-N920A/universal7420;MOBILE)",685
"Mozilla/5.0 (Macintosh; Intel Mac OS X 10_10_5) AppleWebKit/601.7.8 (KHTML, like Gecko) Version/9.1.3 Safari/601.7.8",680
"Mozilla/5.0 (Macintosh; Intel Mac OS X 10_12_0) AppleWebKit/537.36 (KHTML, like Gecko) Chrome/55.0.2883.95 Safari/537.36",679
"VisualDx Android/7.2.14 (Android 7.0-HUAWEIEVA-L19; HUAWEI EVA-L19/EVA;MOBILE)",679
"VisualDx Android/7.2.11 (Android 6.0.1-MMB29M; samsung SM-G900FD/MSM8974;MOBILE)",677
"VisualDx Android/7.2.11 (Android 5.1.1-LMY47X; samsung SM-G360T1/MSM8916;MOBILE)",677
"VisualDx Android/7.2.11 (Android 6.0-36.0.A.2.109; Sony F3213/unknown;MOBILE)",677
"VisualDx Android/7.2.14 (Android 5.0-LRX21V; samsung SM-N900P/MSM8974;MOBILE)",676
"VisualDx Android/7.2.11 (Android 4.4.4-SU6-7.7; motorola XT1080/MSM8960;WIFI)",666
"Mozilla/5.0 (Windows; U; Windows NT 6.1; en-US; rv:1.9.2.16) Gecko/20110319 Firefox/3.6.16",664
"VisualDx Android/7.2.11 (Android 7.0-NRD90M; samsung SM-G935F/universal8890;MOBILE)",663
"VisualDx Android/7.2.14 (Android 6.0.1-MMB29K; samsung SM-G935F/universal8890;MOBILE)",663
"VisualDx Apple/2.25.2 (7.0.4;iPad;mobile)",658
"VisualDx Apple/2.24.1 (8.1.2;iPhone;WIFI)",656
"VisualDx Android/7.2.11 (Android 5.0.1-LRX21Y; LGE LGLS990/MSM8974;WIFI)",651
"VisualDx Android/7.2.11 (Android 6.0.1-MMB29K; samsung SM-J710F/universal7870;MOBILE)",649
"VisualDx Android/7.2.14 (Android 7.0-NRD90M; samsung SM-G935V/msm8996;MOBILE)",649
"VisualDx Android/7.2.14 (Android 6.0-MRA58K; LGE VS985 4G/MSM8974;WIFI)",649
"VisualDx Apple/2.19 (10.2.1;iPhone;WIFI)",646
"Mozilla/5.0 (Windows NT 6.1; WOW64) AppleWebKit/537.36 (KHTML, like Gecko) Chrome/54.0.2840.59 Safari/537.36",643
"Mozilla/5.0 (Windows NT 6.1; WOW64) AppleWebKit/537.36 (KHTML, like Gecko) Chrome/31.0.1650.48 Safari/537.36",639
"VisualDx Android/7.2.11 (Android 7.0-NRD90M; LGE VS995/msm8996;WIFI)",638
"VisualDx Android/7.2.11 (Android 6.0.1-MMB29M; samsung SM-G935T/msm8996;WIFI)",636
"VisualDx Apple/2.22 (9.2.1;iPhone;WIFI)",636
"VisualDx Android/7.2.11 (Android 7.0-NRD90M; samsung SM-G930T/msm8996;WIFI)",634
"VisualDx Apple/2.24.1 (8.3;iPhone;mobile)",631
"VisualDx Android/7.2.11 (Android 7.1.1-N4F26O; LGE Nexus 5X/bullhead;WIFI)",630
"VisualDx Android/7.2.11 (Android 6.0.1-HUAWEIH1611; HUAWEI H1611/H1611;WIFI)",629
"VisualDx Android/7.2.11 (Android 7.0-NRD90M; samsung SAMSUNG-SM-G935A/msm8996;WIFI)",624
"VisualDx Android/7.2.11 (Android 5.0.1-LRX21M; LENOVO Lenovo TAB 2 A10-70F/unknown;WIFI)",624
"Mozilla/5.0 (iPhone; CPU iPhone OS 10_2_1 like Mac OS X) AppleWebKit/602.4.6 (KHTML, like Gecko) Mobile/14D27",620
"VisualDx Android/7.2.11 (Android 7.0-39.2.A.0.417; Sony F8331/msm8996;WIFI)",620
"VisualDx Apple/2.24.1 (10.0.2;iPhone;WIFI)",619
"VisualDx Android/7.2.14 (Android 6.0.1-MMB29K; samsung SM-G930F/universal8890;WIFI)",619
"Mozilla/5.0 (Windows NT 10.0; Win64; x64) AppleWebKit/537.36 (KHTML, like Gecko) Chrome/55.0.2883.87 Safari/537.36",618
"VisualDx Android/7.2.14 (Android 5.1.1-LMY47V; Xiaomi Redmi Note 3/msm8952;MOBILE)",618
"VisualDx Android/7.2.11 (Android 6.0.1-MMB29M; bq Aquaris M5/msm8916;WIFI)",617
"VisualDx Android/7.2.11 (Android 7.1.1-N4F26O; LGE Nexus 5X/bullhead;MOBILE)",612
"Mozilla/5.0 (compatible; MSIE 9.0; Windows NT 6.1; WOW64; Trident/5.0) NHN-IkkeSensitiv 3.IE.01",612
"Mozilla/5.0 (Windows NT 6.1) AppleWebKit/537.36 (KHTML, like Gecko) Chrome/44.0.2403.157 Safari/537.36",612
"Mobile VisualDx/com.logicalimages.visualdxmobile (7.0.1.51; OS Version 10.0.2 (Build 14A456))",611
"VisualDx Android/7.2.11 (Android 6.0-MPHS24.49-18-4; motorola XT1575/msm8992;WIFI)",609
"VisualDx Android/7.2.14 (Android 7.0-32.3.A.0.376; Sony E6883/msm8994;MOBILE)",609
"VisualDx Android/7.2.14 (Android 5.0.1-LRX21M; Lenovo Lenovo TB3-710F/LenovoTB3-710F;WIFI)",607
"VisualDx Apple/2.25.2 (10.2.1;iPhone;WIFI)",603
"VisualDx Android/7.2.11 (Android 6.0.1-MMB29M; samsung SAMSUNG-SM-G935A/msm8996;MOBILE)",600
"Mozilla/5.0 (Windows NT 10.0; Win64; x64) AppleWebKit/537.36 (KHTML, like Gecko) Chrome/59.0.3054.0 Safari/537.36",599
"Mozilla/5.0 (Windows NT 6.2; WOW64; rv:52.0) Gecko/20100101 Firefox/52.0",598
"Mozilla/5.0 (Windows NT 6.1; WOW64; Trident/7.0; TNJB; rv:11.0) like Gecko",598
"VisualDx Android/7.2.11 (Android 6.0.1-MMB29M; samsung SM-G930P/msm8996;MOBILE)",597
"VisualDx Android/7.2.14 (Android 5.1.1-LMY47V; LENOVO Lenovo A6020l36/msm8916;WIFI)",597
"Mozilla/5.0 (Windows NT 6.1) AppleWebKit/537.36 (KHTML, like Gecko) Chrome/50.0.2661.75 Safari/537.36",595
"Mozilla/5.0 (iPhone; CPU iPhone OS 9_1 like Mac OS X) AppleWebKit/601.1.46 (KHTML, like Gecko) Version/9.0 Mobile/13B143 Safari/601.1",595
"VisualDx Android/7.2.11 (Android 7.0-NRD90M; samsung SAMSUNG-SM-G930A/msm8996;WIFI)",594
"Mozilla/5.0 (Macintosh; Intel Mac OS X 10_11_0) AppleWebKit/537.36 (KHTML, like Gecko) Chrome/55.0.2883.95 Safari/537.36",594
"VisualDx Android/7.2.11 (Android 7.0-NRD90U; LGE LGLS992/msm8996;MOBILE)",594
"Mozilla/5.0 (Windows NT 6.3) AppleWebKit/537.36 (KHTML, like Gecko) Chrome/56.0.2924.87 Safari/537.36",593
"Mozilla/5.0 (Windows NT 5.1; rv:42.0) Gecko/20100101 Firefox/42.0",593
"Mozilla/5.0 (Macintosh; Intel Mac OS X 10_6_8) AppleWebKit/537.36 (KHTML, like Gecko) Chrome/49.0.2623.112 Safari/537.36",592
"VisualDx Android/7.2.11 (Android 5.1.1-LMY48B; samsung SM-J700M/universal7580;WIFI)",587
"VisualDx Android/7.2.14 (Android 6.0.1-MMB29K; samsung SAMSUNG-SM-G920A/universal7420;MOBILE)",587
"VisualDx Android/7.0.b7 (Android 6.0.1-MMB29K; samsung SM-G920P/universal7420;WIFI)",587
"Mozilla/5.0 (Windows NT 6.1) AppleWebKit/537.36 (KHTML, like Gecko) Chrome/54.0.2840.71 Safari/537.36",585
"Mozilla/5.0 (Macintosh; Intel Mac OS X 10_10_5) AppleWebKit/537.36 (KHTML, like Gecko) Chrome/57.0.2987.110 Safari/537.36",584
"VisualDx Apple/7.0.3 (10.2;iPhone;mobile)",583
"Mozilla/5.0 (iPad; CPU OS 10_2 like Mac OS X) AppleWebKit/602.1.50 (KHTML, like Gecko) CriOS/56.0.2924.79 Mobile/14C92 Safari/602.1",582
"Mozilla/4.0 (compatible; MSIE 8.0; Windows NT 6.1; Trident/4.0; SLCC2; .NET CLR 2.0.50727; .NET CLR 3.5.30729; .NET CLR 3.0.30729; Media Center PC 6.0; InfoPath.3; .NET4.0C; .NET4.0E)",581
"VisualDx Apple/7.0.3 (9.1;iPhone;mobile)",580
"VisualDx Android/7.2.14 (Android 5.0.2-LRX22G; HTC HTCONE/unknown;WIFI)",580
"VisualDx Android/7.2.11 (Android 6.0.1-MMB29K; samsung SM-G920I/universal7420;MOBILE)",577
"VisualDx Android/7.2.14 (Android 6.0.1-MMB29K; samsung SAMSUNG-SM-N920A/universal7420;MOBILE)",576
"Mozilla/5.0 (Macintosh; Intel Mac OS X 10_10_5) AppleWebKit/601.7.7 (KHTML, like Gecko) Version/9.1.2 Safari/601.7.7",574
"Mozilla/5.0 (Linux; Android 6.0.1; SM-G920F Build/MMB29K) AppleWebKit/537.36 (KHTML, like Gecko) Chrome/56.0.2924.87 Mobile Safari/537.36",574
"Mozilla/5.0 (Macintosh; Intel Mac OS X 10_9_5) AppleWebKit/537.36 (KHTML, like Gecko) Chrome/57.0.2987.88 Safari/537.36",574
"modmed%20Practice/1702081650 CFNetwork/808.2.16 Darwin/16.3.0",572
"VisualDx Apple/7.0.4 (9.3;iPad;mobile)",572
"VisualDx Android/7.2.11 (Android 6.0.1-MMB29K; samsung SAMSUNG-SM-G890A/universal7420;WIFI)",570
"VisualDx Android/7.2.14 (Android 6.0.1-MMB29K; samsung SM-G928C/universal7420;WIFI)",569
"VisualDx Android/7.2.14 (Android 6.0.1-MMB29K; samsung SM-G928V/universal7420;WIFI)",569
"VisualDx Android/7.2.14 (Android 7.0-NRD90M; samsung SM-G935T/msm8996;MOBILE)",562
"VisualDx Android/7.2.14 (Android 7.1.1-NOF27B; samsung SM-N900/universal5420;WIFI)",560
"VisualDx Apple/2.25.1 (8.3;iPad;mobile)",559
"VisualDx Android/7.2.11 (Android 7.0-NRD90M; LGE LG-H918/msm8996;WIFI)",558
"VisualDx Android/7.2.14 (Android 6.0.1-MMB29M; samsung SM-G930VL/msm8996;WIFI)",554
"VisualDx Android/7.2.11 (Android 4.4.4-SU4.21; motorola XT1080/MSM8960;WIFI)",553
"VisualDx Apple/2.22 (10.2.1;iPhone;mobile)",552
"VisualDx Android/7.2.14 (Android 6.0.1-MMB29K; samsung SM-G925V/universal7420;WIFI)",547
"VisualDx Android/7.2.14 (Android 7.0-NRD90M; OnePlus ONEPLUS A3000/QC_Reference_Phone;MOBILE)",545
"VisualDx Android/7.2.11 (Android 5.1.1-LMY47V; LENOVO Lenovo A6020l36/msm8916;WIFI)",543
node-superagent/3.3.1,538
"com.google.GoogleMobile/23.1.0 iPhone/10.2.1 hw/iPhone8_1",538
"Mozilla/4.0 (compatible; MSIE 7.0; Windows NT 6.1; Trident/5.0; SLCC2; .NET CLR 2.0.50727; .NET CLR 3.5.30729; .NET CLR 3.0.30729; InfoPath.3; .NET CLR 1.1.4322; .NET4.0C; .NET4.0E)",538
"Mozilla/4.0 (compatible; MSIE 8.0; Windows NT 6.1; Trident/4.0; SLCC2; .NET CLR 2.0.50727; .NET4.0C; .NET4.0E)",537
"com.google.GoogleMobile/23.1.0 iPhone/10.2.1 hw/iPhone7_2",537
"VisualDx Android/7.2.14 (Android 6.0.1-MMB29M; samsung SM-G900FD/MSM8974;MOBILE)",537
"Mozilla/5.0 (Windows NT 10.0; Win64; x64) AppleWebKit/537.36 (KHTML, like Gecko) Chrome/57.0.2987.74 Safari/537.36 Vivaldi/1.8.770.9",536
"Mozilla/5.0 (iPhone; CPU iPhone OS 10_0 like Mac OS X) AppleWebKit/602.1.50 (KHTML, like Gecko) Version/10.0 Mobile/14A346 Safari/602.1",535
"Mozilla/5.0 (Windows NT 6.1) AppleWebKit/537.36 (KHTML, like Gecko) Chrome/39.0.2171.99 Safari/537.36",535
"VisualDx Apple/2.25.0 (8.3;iPhone;mobile)",533
"VisualDx Android/7.2.11 (Android 6.0-MRA58K; HTC HTC6525LVW/MSM8974;MOBILE)",533
"Mozilla/5.0 (compatible; MSIE 9.0; Windows NT 6.2; WOW64; Trident/7.0)",533
"VisualDx Android/7.2.14 (Android 6.0.1-MMB29K; samsung SM-G920P/universal7420;MOBILE)",533
"VisualDx Android/7.2.11 (Android 4.4.4-SU6-7.7; motorola XT1030/MSM8960;mobile)",532
"VisualDx Android/7.2.14 (Android 7.0-NRD90M; samsung SM-G935P/msm8996;WIFI)",532
"VisualDx Android/7.2.11 (Android 7.0-NRD90M; ZTE ZTE A2017U/ailsa_ii;WIFI)",530
"Mozilla/5.0 (Macintosh; Intel Mac OS X 10_12_2) AppleWebKit/537.36 (KHTML, like Gecko) Chrome/55.0.2883.95 Safari/537.36",527
"VisualDx Apple/2.23.01 (9.3.1;iPhone;mobile)",527
"modmed%20Practice/1702281713 CFNetwork/808.2.16 Darwin/16.3.0",526
"VisualDx Android/7.2.14 (Android 5.1.1-LMY48B; OnePlus A0001/MSM8974;WIFI)",526
"VisualDx Android/7.2.14 (Android 5.1.1-LMY47X; samsung SAMSUNG-SM-G890A/universal7420;MOBILE)",526
"VisualDx Android/7.2.14 (Android 7.1.1-NMF26F; OnePlus ONEPLUS A3003/QC_Reference_Phone;WIFI)",526
"Mozilla/5.0 (Windows NT 6.1; Trident/7.0; EIE10;ENUSWOL; rv:11.0) like Gecko",525
"VisualDx Android/3.1.10 (Android 4.4.4-KTU84P; samsung SGH-M919/MSM8960;WIFI)",525
"VisualDx Android/7.2.14 (Android 6.0.1-MCK24.183-22; motorola XT1585/msm8994;MOBILE)",523
"VisualDx Android/7.2.11 (Android 5.1.1-LMY48B; OnePlus A0001/MSM8974;WIFI)",521
"VisualDx Android/7.2.11 (Android 6.0.1-MMB29M; asus P024/EeePad;WIFI)",521
"VisualDx Android/7.2.11 (Android 7.0-NRD90M; OnePlus ONEPLUS A3000/QC_Reference_Phone;MOBILE)",521
"VisualDx Android/7.2.11 (Android 7.0-NRD90M; samsung SM-G935S/universal8890;WIFI)",521
"VisualDx Android/7.2.14 (Android 5.0-LRX21T; samsung SM-G900V/MSM8974;WIFI)",518
"VisualDx Android/7.2.11 (Android 7.0-NRD90U; LGE LGLS992/msm8996;WIFI)",517
"VisualDx Apple/2.24.1 (10.2.1;iPad;WIFI)",515
"VisualDx Android/7.2.14 (Android 7.0-HUAWEIFRD-L04; HUAWEI FRD-L04/FRD;WIFI)",514
"Mozilla/5.0 (Windows NT 6.0; WOW64) AppleWebKit/537.36 (KHTML, like Gecko) Chrome/49.0.2623.112 Safari/537.36",512
"VisualDx Android/7.2.11 (Android 5.0-LRX21V; samsung SM-N9005/MSM8974;WIFI)",510
"Mozilla/4.0 (compatible; MSIE 8.0; Windows NT 6.1; WOW64; Trident/4.0; SLCC2; .NET CLR 2.0.50727; .NET CLR 3.5.30729; .NET CLR 3.0.30729; Media Center PC 6.0; .NET4.0C; .NET4.0E)",508
"Mozilla/4.0 (compatible; MSIE 7.0; Windows NT 6.1; WOW64; Trident/7.0; SLCC2; .NET CLR 2.0.50727; .NET CLR 3.5.30729; .NET CLR 3.0.30729; Media Center PC 6.0; InfoPath.3; .NET4.0C; .NET4.0E)",506
"VisualDx Android/7.2.14 (Android 6.0.1-MMB29K; samsung SM-G928G/universal7420;WIFI)",506
"Mozilla/5.0 (Linux; Android 6.0.1; SM-G925F Build/MMB29K) AppleWebKit/537.36 (KHTML, like Gecko) Chrome/56.0.2924.87 Mobile Safari/537.36",505
"VisualDx Android/7.2.11 (Android 5.1.1-LMY47X; samsung SAMSUNG-SM-G920A/universal7420;WIFI)",505
"VisualDx Android/7.2.14 (Android 6.0.1-MCG24.251-5-5; motorola XT1254/APQ8084;MOBILE)",503
"Mozilla/5.0 (iPhone; CPU iPhone OS 10_2_1 like Mac OS X) AppleWebKit/534.46 (KHTML, like Gecko) Version/10.2.1 Mobile/9B179 Safari/7534.48.3 OktaMobile/5.4.0",501
"VisualDx Android/7.2.14 (Android 6.0.1-MMB29M; LGE LG-H831/msm8996;WIFI)",501
"Mozilla/4.0 (compatible; MSIE 8.0; Windows NT 6.1; WOW64; Trident/4.0; SLCC2; .NET CLR 2.0.50727; .NET CLR 3.5.30729; .NET CLR 3.0.30729; Media Center PC 6.0; .NET4.0C; .NET4.0E; .NET CLR 1.1.4322)",500
"Mozilla/5.0 (Windows NT 6.1; WOW64) AppleWebKit/537.36 (KHTML, like Gecko) Chrome/42.0.2311.90 Safari/537.36",500
"Mozilla/5.0 (iPhone; CPU iPhone OS 8_3 like Mac OS X) AppleWebKit/600.1.4 (KHTML, like Gecko) Version/8.0 Mobile/12F70 Safari/600.1.4",499
"Mozilla/5.0 (Macintosh; Intel Mac OS X 10_9_5) AppleWebKit/537.36 (KHTML, like Gecko) Chrome/58.0.3029.33 Safari/537.36",499
"VisualDx Android/7.2.14 (Android 6.0.1-MMB29M; samsung SAMSUNG-SM-G935A/msm8996;MOBILE)",498
"Mozilla/5.0 (Windows NT 6.3; Win64; x64) AppleWebKit/537.36 (KHTML, like Gecko) Chrome/57.0.2987.110 Safari/537.36",498
"VisualDx Android/7.2.11 (Android 6.0.1-MMB29M; samsung SM-N910T/APQ8084;WIFI)",497
"VisualDx Apple/2.23 (10.2.1;iPhone;WIFI)",497
"Mozilla/5.0 (X11; Linux i686 on x86_64; rv:31.0) Gecko/20100101 Firefox/31.0",493
"VisualDx Android/7.2.11 (Android 6.0-MRA58K; LGE VS986/msm8992;MOBILE)",493
"VisualDx Android/7.2.10 (Android 6.0.1-MMB29K; samsung SM-N920G/universal7420;MOBILE)",493
"VisualDx Apple/2.25.2 (9.2;iPhone;mobile)",492
"Mozilla/4.0 (compatible; MSIE 8.0; Windows NT 6.1; Trident/4.0; SLCC2; .NET CLR 2.0.50727; .NET CLR 3.5.30729; .NET CLR 3.0.30729; Media Center PC 6.0; Tablet PC 2.0; .NET4.0C; .NET4.0E; InfoPath.3)",492
"Mozilla/5.0 (iPhone; CPU iPhone OS 10_1 like Mac OS X) AppleWebKit/602.2.14 (KHTML, like Gecko) Version/10.0 Mobile/14B72 Safari/602.1",490
"Mozilla/5.0 (Windows NT 6.1; Win64; x64; rv:52.0) Gecko/20100101 Firefox/52.0",489
"VisualDx Android/7.2.14 (Android 6.0-MRA58K; HTC HTC One_M8/MSM8974;WIFI)",487
"VisualDx Android/7.2.14 (Android 6.0-MRA58K; HTC HTC6525LVW/MSM8974;MOBILE)",485
"modmed%20Practice/1703071716 CFNetwork/808.0.2 Darwin/16.0.0",484
"VisualDx Android/7.2.14 (Android 5.0-LRX21V; samsung SAMSUNG-SM-N900A/MSM8974;WIFI)",481
"VisualDx Android/7.2.11 (Android 7.1.1-NOF26V; Google Pixel XL/marlin;WIFI)",479
"Mozilla/5.0 (Windows NT 10.0; Win64; x64) AppleWebKit/537.36 (KHTML, like Gecko) Chrome/59.0.3043.0 Safari/537.36",478
"VisualDx Android/7.2.11 (Android 6.0.1-MMB29K; samsung SAMSUNG-SM-G920A/universal7420;MOBILE)",477
"VisualDx Android/7.2.14 (Android 6.0.1-MMB29M; samsung SM-N910T/APQ8084;MOBILE)",477
"VisualDx Apple/2.23.01 (10.2.1;iPhone;WIFI)",473
"VisualDx Android/7.2.14 (Android 6.0.1-MMB29M; samsung SM-G935P/msm8996;WIFI)",473
"Mozilla/5.0 (Macintosh; Intel Mac OS X 10_11_6) AppleWebKit/537.36 (KHTML, like Gecko) Chrome/57.0.2987.110 Safari/537.36",469
"VisualDx Android/7.2.14 (Android 6.0-MRA58K; LGE LG-K373/msm8909;MOBILE)",467
"VisualDx Apple/2.25.1 (8.4;iPad;mobile)",465
"Mozilla/5.0 (Windows NT 6.1; rv:47.0) Gecko/20100101 Firefox/47.0",463
"VisualDx Android/7.2.14 (Android 6.0.1-MMB29M; samsung SM-A500W/MSM8916;WIFI)",462
"VisualDx Android/7.2.10 (Android 6.0.1-MPJ24.139-23.4; motorola Moto G (4)/msm8952;MOBILE)",461
"Mozilla/5.0 (Windows NT 6.3; Win64; x64; rv:51.0) Gecko/20100101 Firefox/51.0",460
"VisualDx Android/7.2.11 (Android 5.1.1-LMY47X; samsung SM-N910V/APQ8084;WIFI)",460
"VisualDx Apple/2.25.2 (10.0.2;iPad;mobile)",458
"VisualDx Android/7.2.14 (Android 6.0-HUAWEINXT-L09; HUAWEI HUAWEI NXT-L09/NXT-L09;MOBILE)",458
"Mozilla/5.0 (Windows NT 6.1; WOW64) AppleWebKit/537.36 (KHTML, like Gecko) Chrome/49.0.2623.110 Safari/537.36",457
"Mozilla/5.0 (iPhone; CPU iPhone OS 10_0 like Mac OS X) AppleWebKit/602.1.38 (KHTML, like Gecko) Version/10.0 Mobile/14A300 Safari/602.1",455
"Mozilla/4.0 (compatible; MSIE 7.0; Windows NT 6.1; Trident/6.0; SLCC2; .NET CLR 2.0.50727; .NET CLR 3.5.30729; .NET CLR 3.0.30729; Media Center PC 6.0; .NET4.0C; .NET4.0E)",455
"VisualDx Android/7.2.11 (Android 6.0.1-MMB29M; samsung SM-J500H/MSM8916;WIFI)",455
"Mozilla/5.0 (iPad; CPU OS 10_3 like Mac OS X) AppleWebKit/603.1.30 (KHTML, like Gecko) Version/10.0 Mobile/14E277 Safari/602.1",455
"VisualDx Android/7.2.11 (Android 5.0.1-LRX22C; samsung GT-I9500/universal5410;WIFI)",454
"Mozilla/4.0 (compatible; MSIE 8.0; Windows NT 6.1; Trident/4.0; SLCC2; .NET CLR 2.0.50727; .NET CLR 3.5.30729; .NET CLR 3.0.30729; Media Center PC 6.0; Tablet PC 2.0; InfoPath.3; .NET4.0C; .NET4.0E)",454
"VisualDx Android/7.2.11 (Android 6.0.1-MMB29M; samsung SAMSUNG-SM-G891A/msm8996;MOBILE)",453
"VisualDx Android/7.2.11 (Android 6.0-MRA58K; LGE LGUS991/msm8992;WIFI)",452
"Mozilla/5.0 (iPhone; CPU iPhone OS 9_2_1 like Mac OS X) AppleWebKit/601.1.46 (KHTML, like Gecko) Version/9.0 Mobile/13D15 Safari/601.1",451
"VisualDx Apple/2.21 (10.1.1;iPad;WIFI)",449
"VisualDx Android/7.2.11 (Android 5.0-LRX21T; samsung SAMSUNG-SM-G900A/MSM8974;MOBILE)",448
"VisualDx Android/7.2.14 (Android 7.1.1-NUF26K; Huawei Nexus 6P/angler;WIFI)",448
"VisualDx Android/7.2.10 (Android 5.0.2-LRX22G; HTC 710C/MSM8226;WIFI)",447
"VisualDx Android/7.2.11 (Android 5.1.1-LMY48B; TabletExpress X10/exdroid;WIFI)",445
"Mozilla/5.0 (compatible; MSIE 10.0; Windows NT 6.2; WOW64; Trident/7.0)",443
"Mozilla/5.0 (Macintosh; Intel Mac OS X 10.9; rv:49.0) Gecko/20100101 Firefox/49.0",442
"Mozilla/4.0 (compatible; MSIE 7.0; Windows NT 6.1; WOW64; Trident/7.0; SLCC2; .NET CLR 2.0.50727; .NET4.0C; .NET CLR 3.5.30729; .NET CLR 3.0.30729; .NET4.0E)",441
"Mozilla/5.0 (Windows NT 10.0; WOW64) AppleWebKit/537.36 (KHTML, like Gecko) Chrome/51.0.2681.0 Safari/537.36",440
"VisualDx Apple/1703071716 (10.2.1;iPad;WIFI)",439
"VisualDx Apple/2.25.1 (8.4;iPhone;mobile)",437
"VisualDx Apple/2.25.2 (10.0.2;iPhone;mobile)",437
"Mozilla/5.0 (iPhone; CPU iPhone OS 10_2_1 like Mac OS X) AppleWebKit/602.1.50 (KHTML, like Gecko) GSA/24.1.151204851 Mobile/14D27 Safari/602.1",437
"VisualDx Android/7.2.14 (Android 6.0-MRA58K; LGE VS990/msm8992;MOBILE)",436
"VisualDx Android/7.2.11 (Android 7.0-NRD90M; samsung SM-G935S/universal8890;MOBILE)",435
"Mozilla/5.0 (Linux; Android 7.0; SAMSUNG-SM-G930A Build/NRD90M) AppleWebKit/537.36 (KHTML, like Gecko) Chrome/56.0.2924.87 Mobile Safari/537.36",434
"VisualDx Android/7.2.14 (Android 6.0-MRA58K; LGE VS985 4G/MSM8974;MOBILE)",432
"VisualDx Android/7.2.11 (Android 6.0.1-MMB29M; samsung SM-J510MN/MSM8916;MOBILE)",431
"VisualDx Android/7.2.14 (Android 6.0.1-MMB29M; samsung SAMSUNG-SM-G930A/msm8996;WIFI)",430
"Mozilla/5.0 (Macintosh; Intel Mac OS X 10_9_5) AppleWebKit/537.36 (KHTML, like Gecko) Chrome/57.0.2987.98 Safari/537.36",430
"Mozilla/5.0 (iPhone; CPU iPhone OS 10_1_1 like Mac OS X) AppleWebKit/602.2.14 (KHTML, like Gecko) Version/10.0 Mobile/14B150 Safari/602.1",429
"Mozilla/5.0 (Windows NT 10.0; WOW64; Trident/7.0; Touch; LCTE; rv:11.0) like Gecko",429
"Mozilla/5.0 (Macintosh; Intel Mac OS X 10_10) AppleWebKit/600.1.25 (KHTML, like Gecko) Version/8.0 Safari/600.1.25",426
"Mozilla/5.0 (Linux; Android 6.0.1; SM-G900P Build/MMB29M) AppleWebKit/537.36 (KHTML, like Gecko) Chrome/56.0.2924.87 Mobile Safari/537.36",426
"VisualDx Android/7.2.11 (Android 4.1.2-JZO54K; LGE LG-E450f/mt6575;mobile)",425
"VisualDx Android/7.2.11 (Android 7.0-NCK25.118-10; motorola XT1585/msm8994;MOBILE)",424
"VisualDx Android/7.2.14 (Android 7.0-NRD90M; OnePlus ONEPLUS A3003/QC_Reference_Phone;WIFI)",424
"VisualDx Android/7.2.11 (Android 6.0.1-MMB29M; samsung SM-G935U/msm8996;WIFI)",423
"VisualDx Android/7.2.14 (Android 4.2.2-JDQ39; samsung GT-P5200/clovertrail;WIFI)",420
"Mozilla/5.0 (Macintosh; Intel Mac OS X 10_10_1) AppleWebKit/600.1.25 (KHTML, like Gecko) Version/8.0 Safari/600.1.25",419
"Mobile VisualDx/com.logicalimages.visualdxmobile (7.0.1.51; OS Version 9.3.5 (Build 13G36))",419
"VisualDx Android/7.2.11 (Android 6.0.1-MMB29K; samsung SM-J700T/universal7580;WIFI)",419
"Mozilla/5.0 (Linux; Android 6.0.1; SAMSUNG SM-G935F Build/MMB29K) AppleWebKit/537.36 (KHTML, like Gecko) SamsungBrowser/4.0 Chrome/44.0.2403.133 Mobile Safari/537.36",418
"VisualDx Android/7.2.11 (Android 6.0-36.0.A.2.109; Sony F3213/unknown;WIFI)",418
"VisualDx Android/7.2.14 (Android 6.0.1-MPJ24.139-64; motorola Moto G (4)/msm8952;WIFI)",416
"Mozilla/5.0 (Linux; Android 6.0.1; SM-N920V Build/MMB29K) AppleWebKit/537.36 (KHTML, like Gecko) Chrome/56.0.2924.87 Mobile Safari/537.36",415
"Mozilla/5.0 (Macintosh; Intel Mac OS X 10.11; rv:45.0) Gecko/20100101 Firefox/45.0",415
"VisualDx Android/7.2.14 (Android 6.0-MRA58K; condor PGN605/PGN605;WIFI)",415
"Mozilla/5.0 (Linux; Android 4.4.3; KFTHWI Build/KTU84M) AppleWebKit/537.36 (KHTML, like Gecko) Silk/56.2.4 like Chrome/56.0.2924.87 Safari/537.36",413
"VisualDx Android/7.2.14 (Android 5.0.2-LRX22G; HTC HTC Desire Eye/msm8974;WIFI)",412
"Mozilla/5.0 (iPad; CPU OS 9_2_1 like Mac OS X) AppleWebKit/601.1.46 (KHTML, like Gecko) Version/9.0 Mobile/13D15 Safari/601.1",411
"Mozilla/4.0 (compatible; MSIE 8.0; Windows NT 6.1; WOW64; Trident/4.0; chromeframe/24.0.1312.56; SLCC2; .NET CLR 2.0.50727; .NET CLR 3.5.30729; .NET CLR 3.0.30729; Media Center PC 6.0; .NET4.0C; .NET4.0E; .NET CLR 1.1.4322; MDDRJS)",411
"VisualDx Android/7.2.14 (Android 7.0-NRD90M; LGE LG-H910/msm8996;MOBILE)",411
"Mozilla/5.0 (X11; CrOS x86_64 8872.76.0) AppleWebKit/537.36 (KHTML, like Gecko) Chrome/55.0.2883.105 Safari/537.36",410
"Mozilla/5.0 (iPad; CPU OS 6_1 like Mac OS X) AppleWebKit/536.26 (KHTML, like Gecko) Version/6.0 Mobile/10B141 Safari/8536.25",410
"VisualDx Android/7.2.14 (Android 4.4.4-SU6-7.7; motorola XT1030/MSM8960;WIFI)",408
"VisualDx Android/7.2.13 (Android 5.1.1-LCK23.130-24; motorola XT1585/msm8994;WIFI)",406
"VisualDx Apple/7.1.0 (10.2.1;iPhone;mobile)",405
"VisualDx Android/7.2.11 (Android 6.0.1-MMB29K; samsung SM-N920P/universal7420;WIFI)",403
"VisualDx Android/7.2.10 (Android 4.4.4-KTU84P; samsung SM-A500F/MSM8916;none)",400
"VisualDx Android/7.2.14 (Android 6.0.1-MMB29K; samsung SM-T700/universal5420;WIFI)",400
"VisualDx Android/7.2.11 (Android 6.0.1-MOB31T; motorola Nexus 6/shamu;WIFI)",398
"VisualDx Android/7.2.14 (Android 6.0-MRA58K; LGE LG-K373/msm8909;WIFI)",398
"VisualDx Apple/7.0.4 (10.3.2;iPhone;mobile)",398
"VisualDx Android/7.2.14 (Android 5.1.1-LMY47V; OPPO R7sf/msm8916;WIFI)",397
"VisualDx Android/7.2.14 (Android 4.4.2-KOT49H; samsung SM-G355M/sc7735s;none)",394
"Mozilla/5.0 (Windows NT 6.1; Win64; x64) AppleWebKit/537.36 (KHTML, like Gecko) Chrome/55.0.2883.75 Safari/537.36",393
"Mozilla/5.0 (Linux; Android 7.0; SM-G935F Build/NRD90M) AppleWebKit/537.36 (KHTML, like Gecko) Chrome/56.0.2924.87 Mobile Safari/537.36",393
"Mozilla/5.0 (Windows NT 6.1; Trident/7.0; SMJB; rv:11.0) like Gecko",391
"Mozilla/5.0 (iPad; CPU OS 9_3_3 like Mac OS X) AppleWebKit/601.1.46 (KHTML, like Gecko) Version/9.0 Mobile/13G34 Safari/601.1",390
"Mozilla/5.0 (iPad; CPU OS 10_2_1 like Mac OS X) AppleWebKit/600.1.4 (KHTML, like Gecko) GSA/23.1.148956103 Mobile/14D27 Safari/600.1.4",390
"VisualDx Android/7.2.14 (Android 5.0.2-LRX22G; BLU BLU VIVO AIR LTE/msm8916;WIFI)",390
"VisualDx Android/7.2.11 (Android 7.1.1-NMF26Q; YU AO5510/MSM8916;WIFI)",389
"VisualDx Android/7.2.14 (Android 6.0.1-MMB29M; samsung SM-G930R4/msm8996;WIFI)",389
"VisualDx Android/7.2.11 (Android 5.1.1-LMY47V; asus Nexus 7/grouper;MOBILE)",388
"VisualDx Android/7.2.14 (Android 7.0-NDNS25.137-24-1-2; motorola XT1635-01/msm8953;MOBILE)",388
"Mozilla/5.0 (Macintosh; Intel Mac OS X 10_10_5) AppleWebKit/601.3.9 (KHTML, like Gecko) Version/9.0.2 Safari/601.3.9",385
"VisualDx Apple/7.0.2 (9.3.5;iPhone;mobile)",385
"Mozilla/5.0 (iPhone; CPU iPhone OS 10_2 like Mac OS X) AppleWebKit/602.1.50 (KHTML, like Gecko) CriOS/56.0.2924.79 Mobile/14C92 Safari/602.1",383
"Mozilla/5.0 (Windows NT 6.1; Win64; x64) AppleWebKit/537.36 (KHTML, like Gecko) Chrome/56.0.2924.76 Safari/537.36",382
"VisualDx Android/7.2.14 (Android 5.1-LMY47I; OPPO X9009/full_oppo6755_15311;WIFI)",382
"Mozilla/5.0 (Macintosh; Intel Mac OS X 10_11_5) AppleWebKit/537.36 (KHTML, like Gecko) Chrome/52.0.2743.116 Safari/537.36",382
"VisualDx Android/7.2.14 (Android 5.1-LPES23.32-25-5-5; motorola XT1096/MSM8974;WIFI)",382
"Mozilla/5.0 (Linux; Android 6.0.1; SM-G935F Build/MMB29K) AppleWebKit/537.36 (KHTML, like Gecko) Chrome/56.0.2924.87 Mobile Safari/537.36",380
"Mozilla/5.0 (Linux; Android 4.4.2; SM-T230NU Build/KOT49H) AppleWebKit/537.36 (KHTML, like Gecko) Chrome/56.0.2924.87 Safari/537.36",380
"Mozilla/5.0 (iPhone; CPU iPhone OS 10_2_1 like Mac OS X) AppleWebKit/602.1.50 (KHTML, like Gecko) GSA/24.0.150344369 Mobile/14D27 Safari/602.1",380
"Mozilla/5.0 (Macintosh; Intel Mac OS X 10_9_5) AppleWebKit/601.1.56 (KHTML, like Gecko) Version/9.0 Safari/537.86.1",379
"Mozilla/5.0 (Windows NT 10.0; Win64; x64) AppleWebKit/537.36 (KHTML, like Gecko) Chrome/56.0.2924.87 Safari/537.36 OPR/43.0.2442.1144",378
"Mozilla/5.0 (Macintosh; Intel Mac OS X 10_8_4) AppleWebKit/537.36 (KHTML, like Gecko) Chrome/49.0.2623.112 Safari/537.36",378
"Mozilla/5.0 (Windows NT 10.0) AppleWebKit/537.36 (KHTML, like Gecko) Chrome/51.0.2704.79 Safari/537.36 Edge/14.14393",377
"Mozilla/5.0 (Windows NT 6.1; WOW64; rv:49.0) Gecko/20100101 Firefox/49.0",377
"Mozilla/4.0 (compatible; MSIE 7.0; Windows NT 6.1; Trident/5.0; SLCC2; .NET CLR 2.0.50727; .NET CLR 3.5.30729; .NET CLR 3.0.30729; .NET4.0C; .NET4.0E)",377
"VisualDx Android/7.2.14 (Android 6.0.1-MMB29M; samsung SM-G900P/MSM8974;MOBILE)",377
"Mozilla/5.0 (X11; CrOS x86_64 9334.18.0) AppleWebKit/537.36 (KHTML, like Gecko) Chrome/58.0.3029.31 Safari/537.36",377
"Mozilla/5.0 (Linux; Android 6.0.1; SM-G920T Build/MMB29K) AppleWebKit/537.36 (KHTML, like Gecko) Chrome/56.0.2924.87 Mobile Safari/537.36",376
"Mozilla/5.0 (Linux; Android 6.0.1; SAMSUNG-SM-G900A Build/MMB29M) AppleWebKit/537.36 (KHTML, like Gecko) Chrome/56.0.2924.87 Mobile Safari/537.36",375
"Mozilla/5.0 (Linux; Android 5.0; SM-G900V Build/LRX21T) AppleWebKit/537.36 (KHTML, like Gecko) Chrome/56.0.2924.87 Mobile Safari/537.36",375
"VisualDx Android/7.2.14 (Android 5.0.2-LRX22G; HTC 710C/MSM8226;WIFI)",375
"VisualDx Android/2.22 (Android 6.0.1-MMB29M; samsung SM-G900W8/MSM8974;WIFI)",374
"VisualDx Android/7.2.14 (Android 7.1.1-NOF26V; Google Pixel XL/marlin;WIFI)",374
"VisualDx Apple/2.23.01 (9.2.1;iPhone;mobile)",373
"VisualDx Android/7.2.11 (Android 6.0.1-MMB29M; samsung SM-T813/MSM8976;WIFI)",371
"VisualDx Apple/7.1.0 (10.3;iPad;mobile)",371
"Mozilla/5.0 (compatible; MSIE 10.0; Windows NT 6.1; Trident/6.0; EIE10;ENUSWOL)",370
"Mozilla/5.0 (Linux; Android 7.0; VS987 Build/NRD90U) AppleWebKit/537.36 (KHTML, like Gecko) Chrome/56.0.2924.87 Mobile Safari/537.36",369
"VisualDx Android/7.2.11 (Android 6.0.1-MMB29M; Xiaomi MI NOTE Pro/msm8994;MOBILE)",367
"VisualDx Android/7.2.14 (Android 6.0.1-MMB29K; samsung SM-T800/universal5420;WIFI)",367
"Mozilla/5.0 (Windows NT 10.0; WOW64; rv:50.0) Gecko/20100101 Firefox/50.0",365
"VisualDx Apple/2.24.1 (9.3.5;iPod touch;WIFI)",365
"Mozilla/5.0 (Linux; Android 5.1; XT1031 Build/LPB23.13-51-R.14) AppleWebKit/537.36 (KHTML, like Gecko) Chrome/56.0.2924.87 Mobile Safari/537.36",365
"VisualDx Android/7.2.11 (Android 6.0.1-MPJ24.139-64; motorola Moto G (4)/msm8952;WIFI)",362
"modmed Practice/5.3.4 (iPad; iOS 10.2.1; Scale/2.00)",362
"Mozilla/5.0 (Windows NT 6.3; WOW64) AppleWebKit/537.36 (KHTML, like Gecko) Chrome/57.0.2987.133 Safari/537.36",362
"VisualDx Android/7.2.11 (Android 5.1-LMY47D; Intex Aqua 4G Strong/unknown;MOBILE)",358
"VisualDx Android/7.2.14 (Android 6.0.1-MMB29M; samsung SM-G930P/msm8996;MOBILE)",358
"VisualDx Android/3.1.10 (Android 5.1.1-LVY48F; Amazon KFSAWI/saturn;WIFI)",357
"VisualDx Android/7.2.11 (Android 6.0.1-MMB29M; LGE VS500/msm8909;WIFI)",356
"VisualDx Android/7.2.11 (Android 6.0.1-MMB29M; samsung SM-G900R4/MSM8974;WIFI)",353
"VisualDx Android/7.2.11 (Android 6.0.1-MMB29K; samsung SM-G900H/universal5422;WIFI)",353
"Mozilla/5.0 (X11; Ubuntu; Linux x86_64; rv:35.0) Gecko/20100101 Firefox/35.0",353
"VisualDx Apple/2.25.2 (8.3;iPad;WIFI)",353
"Mozilla/5.0 (Linux; Android 6.0.1; SAMSUNG SM-G903W Build/MMB29K) AppleWebKit/537.36 (KHTML, like Gecko) SamsungBrowser/4.0 Chrome/44.0.2403.133 Mobile Safari/537.36",351
"Mozilla/5.0 (Windows NT 10.0; Win64; x64) AppleWebKit/537.36 (KHTML, like Gecko) Chrome/42.0.2311.135 Safari/537.36 Edge/12.10240",350
"Mozilla/5.0 (Linux; Android 5.1.1; SAMSUNG-SM-G530AZ Build/LMY48B) AppleWebKit/537.36 (KHTML, like Gecko) Chrome/56.0.2924.87 Mobile Safari/537.36",350
"VisualDx Android/7.2.11 (Android 5.0.1-LRX22C; samsung SAMSUNG-SGH-I337/MSM8960;MOBILE)",350
"Mozilla/5.0 (Windows NT 5.1) AppleWebKit/537.36 (KHTML, like Gecko) coc_coc_browser/47.0 Chrome/41.0.2272.127 Safari/537.36",350
"Mozilla/5.0 (iPhone; CPU iPhone OS 10_2_1 like Mac OS X) AppleWebKit/602.1.50 (KHTML, like Gecko) CriOS/55.0.2883.79 Mobile/14D27 Safari/602.1",348
"Mozilla/5.0 (Windows NT 6.1; Win64; x64) AppleWebKit/537.36 (KHTML, like Gecko) Chrome/54.0.2840.71 Safari/537.36",348
"Mozilla/5.0 (Macintosh; Intel Mac OS X 10.12; rv:50.0) Gecko/20100101 Firefox/50.0",348
"VisualDx Apple/2.23.01 (10.2.1;iPhone;mobile)",347
"Mozilla/5.0 (iPhone; CPU iPhone OS 9_3_1 like Mac OS X) AppleWebKit/601.1.46 (KHTML, like Gecko) Version/9.0 Mobile/13E238 Safari/601.1",346
"Mozilla/5.0 (Macintosh; Intel Mac OS X 10_11_6) AppleWebKit/537.36 (KHTML, like Gecko) Chrome/52.0.2743.82 Safari/537.36",346
"VisualDx Android/7.2.14 (Android 6.0.1-MMB29M; samsung SM-G935R4/msm8996;WIFI)",346
"VisualDx Android/7.2.14 (Android 6.0-MPI24.65-25.1; motorola MotoG3/msm8916;WIFI)",346
"VisualDx Android/7.2.11 (Android 5.1.1-LMY47V; LENOVO Lenovo A6020l36/msm8916;MOBILE)",345
"VisualDx Android/7.2.14 (Android 6.0.1-MMB29K; samsung SM-G920W8/universal7420;MOBILE)",344
"Mozilla/5.0 (Linux; Android 6.0.1; SAMSUNG-SM-N920A Build/MMB29K) AppleWebKit/537.36 (KHTML, like Gecko) Chrome/56.0.2924.87 Mobile Safari/537.36",343
"VisualDx Android/7.2.11 (Android 4.2.2-JDQ39; samsung GT-I9105/capri;WIFI)",343
"VisualDx Android/7.2.11 (Android 4.4.2-KOT49H; samsung GT-N7100/smdk4x12;mobile)",343
"Mozilla/4.0 (compatible; MSIE 7.0; Windows NT 6.1; WOW64; Trident/7.0; SLCC2; .NET CLR 2.0.50727; .NET CLR 3.5.30729; .NET CLR 3.0.30729; InfoPath.3; .NET4.0C; .NET4.0E)",342
"Mozilla/5.0 (iPhone; CPU iPhone OS 10_2_1 like Mac OS X) AppleWebKit/600.1.4 (KHTML, like Gecko) GSA/22.0.141836113 Mobile/14D27 Safari/600.1.4",341
"Mozilla/4.0 (compatible; MSIE 8.0; Windows NT 6.1; Trident/4.0; SLCC2; .NET CLR 3.5.30729; .NET CLR 3.0.30729; .NET CLR 2.0.50727; .NET4.0C; .NET4.0E)",341
"VisualDx Android/7.2.11 (Android 5.1.1-LMY47V; Acer T012/MSM8209;WIFI)",341
"Mozilla/5.0 (Linux; Android 6.0.1; SM-G930V Build/MMB29M) AppleWebKit/537.36 (KHTML, like Gecko) Chrome/50.0.2661.89 Mobile Safari/537.36",341
"VisualDx Android/7.2.11 (Android 5.0.1-LRX22C; samsung GT-I9505/MSM8960;MOBILE)",340
"Mozilla/5.0 (Windows NT 6.3; WOW64; Trident/7.0; Touch; LCJB; rv:11.0) like Gecko",339
"VisualDx Apple/2.24 (9.3.5;iPad;WIFI)",338
"VisualDx Android/7.2.14 (Android 4.4.2-KOT49H; samsung SM-G355M/sc7735s;WIFI)",338
"VisualDx Apple/7.0.2 (10.0.2;iPhone;mobile)",337
"Mozilla/4.0 (compatible; MSIE 8.0; Windows NT 6.1; Trident/4.0; SLCC2; .NET CLR 2.0.50727; .NET CLR 3.5.30729; .NET CLR 3.0.30729; Media Center PC 6.0; .NET4.0C; .NET4.0E; Tablet PC 2.0)",336
"VisualDx Android/7.2.14 (Android 5.1.1-LMY48B; OnePlus A0001/MSM8974;MOBILE)",336
"Mozilla/5.0 (Windows NT 6.1) AppleWebKit/537.36 (KHTML, like Gecko) Chrome/45.0.2454.101 Safari/537.36",335
"Mozilla/4.0 (compatible; MSIE 8.0; Windows NT 6.1; Trident/4.0; chromeframe/28.0.1495.0; SLCC2; .NET CLR 2.0.50727; .NET CLR 3.5.30729; .NET CLR 3.0.30729; Media Center PC 6.0; .NET4.0C; .NET4.0E; InfoPath.2; .NET CLR 1.1.4322; Tablet PC 2.0)",335
"VisualDx Android/7.2.11 (Android 6.0.1-MMB29M; samsung SM-G900P/MSM8974;MOBILE)",333
"Mozilla/5.0 (Windows NT 10.0; WOW64) AppleWebKit/537.36 (KHTML, like Gecko) Chrome/56.0.2924.87 Safari/537.36 OPR/43.0.2442.1144",333
"modmed%20Practice/1702081650 CFNetwork/808.0.2 Darwin/16.0.0",332
"Mozilla/5.0 (Linux; Android 7.0; SAMSUNG-SM-G935A Build/NRD90M) AppleWebKit/537.36 (KHTML, like Gecko) Chrome/56.0.2924.87 Mobile Safari/537.36",332
"Mozilla/5.0 (iPad; CPU OS 10_2_1 like Mac OS X) AppleWebKit/602.1.50 (KHTML, like Gecko) CriOS/57.0.2987.137 Mobile/14D27 Safari/602.1",332
"VisualDx Apple/7.0.4 (10.1;iPad;mobile)",331
"VisualDx Android/7.2.14 (Android 6.0.1-MMB29K; samsung SM-N920T/universal7420;WIFI)",331
"VisualDx Android/7.2.14 (Android 6.0-MRA58K; HTC HTC One_M8/MSM8974;none)",331
"VisualDx Android/7.2.14 (Android 5.1-LPB23.13-51-R.14; motorola XT1031/MSM8226;MOBILE)",330
"VisualDx Android/7.2.11 (Android 4.4.2-KOT49H; samsung SM-G355M/sc7735s;WIFI)",329
"VisualDx Apple/2.25.1 (10.1;iPhone;mobile)",329
"Mozilla/5.0 (Linux; Android 6.0; VS986 Build/MRA58K) AppleWebKit/537.36 (KHTML, like Gecko) Chrome/56.0.2924.87 Mobile Safari/537.36",328
"VisualDx Android/7.2.14 (Android 6.0-MPHS24.49-18-4; motorola XT1575/msm8992;WIFI)",328
"VisualDx Android/7.2.14 (Android 6.0.1-MMB29K; samsung SM-G925P/universal7420;MOBILE)",325
"VisualDx Android/7.2.14 (Android 5.1.1-LMY47V; LGE LGL82VL/msm8916;MOBILE)",325
"Mozilla/5.0 (X11; Linux x86_64) AppleWebKit/537.36 (KHTML, like Gecko) Chrome/56.0.2924.87 Safari/537.36",324
"VisualDx Apple/2.23.01 (9.2.1;iPhone;WIFI)",323
"VisualDx Android/7.2.11 (Android 6.0.1-MMB29M; Xiaomi MI NOTE Pro/msm8994;WIFI)",323
"VisualDx Android/7.2.11 (Android 6.0.1-MMB29K; samsung SM-G920T/universal7420;MOBILE)",322
"Mozilla/5.0 (Macintosh; Intel Mac OS X 10_9_5) AppleWebKit/601.7.8 (KHTML, like Gecko) Version/7.1.2 Safari/537.85.11",322
"VisualDx Android/7.2.14 (Android 6.0.1-MMB29K; samsung SM-N920C/universal7420;MOBILE)",322
"VisualDx Android/7.2.14 (Android 6.0.1-MMB29M; LGE LG-K530/msm8937;MOBILE)",322
"VisualDx Android/7.2.14 (Android 7.0-NRD90M; samsung SM-G930V/msm8996;MOBILE)",322
"VisualDx Android/7.2.14 (Android 7.0-NCLS25.86-11-4-6-5; motorola XT1650/msm8996;WIFI)",321
"Mozilla/5.0 (iPhone; CPU iPhone OS 8_4_1 like Mac OS X) AppleWebKit/600.1.4 (KHTML, like Gecko) Version/8.0 Mobile/12H321 Safari/600.1.4",320
"VisualDx Android/7.2.11 (Android 6.0.1-MMB29M; samsung SM-G900FQ/MSM8974;MOBILE)",319
"Mozilla/5.0 (Windows NT 6.1; WOW64; Trident/7.0; QG Managed; rv:11.0) like Gecko",319
"Mozilla/5.0 (Windows NT 6.0; rv:52.0) Gecko/20100101 Firefox/52.0",319
"Mozilla/4.0 (compatible; MSIE 7.0; Windows NT 6.1; Trident/6.0; SLCC2; .NET CLR 2.0.50727; .NET CLR 3.5.30729; .NET CLR 3.0.30729; Media Center PC 6.0; .NET CLR 1.1.4322; .NET4.0C; .NET4.0E; Tablet PC 2.0)",319
"VisualDx Android/7.2.11 (Android 6.0.1-MMB29M; OnePlus ONE A2005/msm8994;WIFI)",318
"Mozilla/5.0 (Linux; Android 6.0.1; SM-N910V Build/MMB29M) AppleWebKit/537.36 (KHTML, like Gecko) Chrome/56.0.2924.87 Mobile Safari/537.36",318
"Mozilla/5.0 (Linux; Android 6.0.1; MotoG3 Build/MPIS24.107-55-2-5) AppleWebKit/537.36 (KHTML, like Gecko) Chrome/56.0.2924.87 Mobile Safari/537.36",317
"VisualDx Android/7.2.11 (Android 6.0.1-3.112VZ.03.q; KYOCERA E6810/E6810;MOBILE)",317
"Mozilla/5.0 (iPhone; CPU iPhone OS 7_0 like Mac OS X) AppleWebKit/537.51.1 (KHTML, like Gecko) Version/7.0 Mobile/11A465 Safari/9537.53 (compatible; bingbot/2.0; +http://www.bing.com/bingbot.htm)",315
"VisualDx Android/7.2.11 (Android 6.0.1-MMB29K; samsung SM-G928T/universal7420;MOBILE)",315
"VisualDx Android/7.2.11 (Android 6.0.1-MMB29K; samsung SM-G920P/universal7420;MOBILE)",314
"Mozilla/5.0 (Linux; Android 4.4.4; XT1080 Build/SU6-7.7) AppleWebKit/537.36 (KHTML, like Gecko) Chrome/56.0.2924.87 Mobile Safari/537.36",314
"VisualDx Android/7.2.14 (Android 6.0.1-MMB29M; samsung SM-G900P/MSM8974;WIFI)",314
"VisualDx Android/7.2.14 (Android 6.0.1-MMB29M; samsung SM-T813/MSM8976;WIFI)",314
"Mozilla/5.0 (Macintosh; Intel Mac OS X 10.5; rv:16.0) Gecko/20100101 Firefox/16.0",313
"VisualDx Android/7.2.11 (Android 6.0.1-MMB29K; samsung SAMSUNG-SM-G920A/universal7420;WIFI)",312
"VisualDx Apple/2.22 (9.2.1;iPhone;mobile)",312
"Mozilla/5.0 (Windows NT 6.3; WOW64; rv:43.0) Gecko/20100101 Firefox/43.0",312
"Mozilla/5.0 (Macintosh; Intel Mac OS X 10_10_3) AppleWebKit/600.6.3 (KHTML, like Gecko) Version/8.0.6 Safari/600.6.3",311
"Mozilla/5.0 (Linux; Android 6.0.1; SAMSUNG SM-G900T Build/MMB29M) AppleWebKit/537.36 (KHTML, like Gecko) SamsungBrowser/4.0 Chrome/44.0.2403.133 Mobile Safari/537.36",310
"Mozilla/5.0 (Windows NT 10.0; Trident/7.0; rv:11.0) like Gecko",310
"Mozilla/5.0 (Windows NT 6.1; Win64; x64) AppleWebKit/537.36 (KHTML, like Gecko) Chrome/51.0.2704.106 Safari/537.36",310
"Mozilla/5.0 (Windows NT 6.1; WOW64) AppleWebKit/537.36 (KHTML, like Gecko) Chrome/56.0.2924.87 Safari/537.36 OPR/43.0.2442.1144",308
"VisualDx Android/7.2.14 (Android 7.0-NRD90M; samsung SM-G935V/msm8996;WIFI)",308
"modmed%20Practice/1703071716 CFNetwork/811.4.18 Darwin/16.5.0",308
"Mozilla/5.0 (Android 4.2.2; Tablet; rv:51.0) Gecko/51.0 Firefox/51.0",307
"VisualDx Android/7.2.14 (Android 5.0-LRX21T; samsung SAMSUNG-SM-G900A/MSM8974;WIFI)",306
"Mobile%20VisualDx/2.25.1.1857 CFNetwork/808.3 Darwin/16.3.0",303
"Mozilla/5.0 (Windows NT 6.1) AppleWebKit/537.36 (KHTML, like Gecko) Chrome/49.0.2623.87 Safari/537.36",303
"Mozilla/5.0 (Linux; Android 5.1; itel it1556 Build/LMY47D) AppleWebKit/537.36 (KHTML, like Gecko) Chrome/50.0.2661.89 Mobile Safari/537.36",303
"VisualDx Apple/2.25.2 (10.2;iPad;mobile)",303
"Mozilla/5.0 (Linux; Android 6.0.1; SAMSUNG SM-G920F Build/MMB29K) AppleWebKit/537.36 (KHTML, like Gecko) SamsungBrowser/4.0 Chrome/44.0.2403.133 Mobile Safari/537.36",302
"Mozilla/4.0 (compatible; MSIE 8.0; Windows NT 6.1; Trident/4.0; SLCC2; .NET CLR 2.0.50727; .NET CLR 3.5.30729; .NET CLR 3.0.30729; Media Center PC 6.0; .NET4.0C; .NET4.0E; .NET CLR 1.1.4322)",301
"Mozilla/5.0 (Windows NT 6.1; WOW64) AppleWebKit/537.36 (KHTML, like Gecko) Chrome/53.0.2785.116 Safari/537.36",301
"Mozilla/5.0 (iPad; CPU OS 8_1_2 like Mac OS X) AppleWebKit/600.1.4 (KHTML, like Gecko) Version/8.0 Mobile/12B440 Safari/600.1.4",300
"VisualDx Android/7.2.14 (Android 5.0.2-LRX22G; samsung SM-A500H/MSM8916;WIFI)",300
"Mozilla/4.0 (compatible; MSIE 7.0; Windows NT 6.1; Trident/6.0; SLCC2; .NET CLR 2.0.50727; .NET CLR 3.5.30729; .NET CLR 3.0.30729; Media Center PC 6.0; .NET4.0C; .NET4.0E; Tablet PC 2.0)",299
"Mozilla/5.0 (compatible; MSIE 10.0; Windows NT 6.2; WOW64; Trident/6.0; MDDCJS)",298
"Mozilla/5.0 (Windows NT 6.1) AppleWebKit/537.36 (KHTML, like Gecko) Chrome/43.0.2357.81 Safari/537.36",297
"Mozilla/5.0 (Windows NT 6.1; WOW64) AppleWebKit/537.36 (KHTML, like Gecko) Chrome/51.0.2704.106 Safari/537.36",296
"Mozilla/5.0 (Windows NT 6.1; WOW64; rv:27.0) Gecko/20100101 Firefox/27.0",295
"VisualDx Android/7.2.10 (Android 6.0.1-MMB29K; samsung SM-N910H/universal5433;WIFI)",295
"Mozilla/5.0 (Macintosh; Intel Mac OS X 10_9_2) AppleWebKit/537.36 (KHTML, like Gecko) Chrome/56.0.2924.87 Safari/537.36",294
"modmed%20Practice/1702281713 CFNetwork/808.1.4 Darwin/16.1.0",294
"Mozilla/5.0 (Linux; Android 6.0.1; SAMSUNG SM-N920P Build/MMB29K) AppleWebKit/537.36 (KHTML, like Gecko) SamsungBrowser/4.0 Chrome/44.0.2403.133 Mobile Safari/537.36",291
"Mozilla/5.0 (Windows NT 6.1) AppleWebKit/537.36 (KHTML, like Gecko) Chrome/46.0.2490.86 Safari/537.36",291
"Mozilla/5.0 (Linux; Android 6.0.1; SM-T710 Build/MMB29K) AppleWebKit/537.36 (KHTML, like Gecko) Chrome/56.0.2924.87 Safari/537.36",291
"Mozilla/4.0 (compatible; MSIE 8.0; Windows NT 6.1; WOW64; Trident/4.0; chromeframe/24.0.1312.56; SLCC2; .NET CLR 2.0.50727; .NET CLR 3.5.30729; .NET CLR 3.0.30729; Media Center PC 6.0; .NET4.0C; .NET4.0E; .NET CLR 1.1.4322)",291
"Mozilla/5.0 (Windows NT 10.0; Win64; x64) AppleWebKit/537.36 (KHTML, like Gecko) Chrome/58.0.3029.33 Safari/537.36",291
"VisualDx Android/7.2.14 (Android 6.0.1-MMB29M; samsung SM-N910W8/APQ8084;MOBILE)",290
"VisualDx Android/7.2.14 (Android 6.0.1-MMB29K; samsung SM-N920P/universal7420;MOBILE)",290
"Mozilla/5.0 (compatible; Baiduspider/2.0; +http://www.baidu.com/search/spider.html)",288
"Mozilla/5.0 (Windows NT 6.1) AppleWebKit/537.36 (KHTML, like Gecko) Chrome/53.0.2785.101 Safari/537.36",288
"Mozilla/5.0 (Linux; Android 5.1.1; Alcatel_4060A Build/LMY47V) AppleWebKit/537.36 (KHTML, like Gecko) Chrome/56.0.2924.87 Mobile Safari/537.36",288
"VisualDx Android/7.2.14 (Android 6.0.1-MMB29K; samsung SM-N920I/universal7420;MOBILE)",288
"Mozilla/5.0 (Linux; Android 4.3; GT-I9300 Build/JSS15J) AppleWebKit/537.36 (KHTML, like Gecko) Chrome/56.0.2924.87 Mobile Safari/537.36",287
"VisualDx Android/7.2.11 (Android 5.0.2-LRX22G; LGE VS980 4G/MSM8974;MOBILE)",285
"VisualDx Android/7.2.14 (Android 4.3-HuaweiMT2L03; HUAWEI MT2L03/MT2L03;WIFI)",285
"VisualDx Android/7.2.11 (Android 6.0.1-MMB29M; samsung SAMSUNG-SM-G900A/MSM8974;WIFI)",284
"Mozilla/5.0 (Android 6.0.1; Mobile; rv:52.0) Gecko/52.0 Firefox/52.0",284
"VisualDx Android/7.2.14 (Android 7.0-NBD92D; motorola Nexus 6/shamu;MOBILE)",284
"VisualDx Apple/2.21 (8.1.3;iPhone;WIFI)",284
"Mozilla/5.0 (Windows NT 10.0; Win64; x64; rv:49.0) Gecko/20100101 Firefox/49.0.3 Waterfox/49.0.3",281
"Mozilla/5.0 (Linux; Android 4.4.2; SM-T311 Build/KOT49H) AppleWebKit/537.36 (KHTML, like Gecko) Chrome/56.0.2924.87 Safari/537.36",281
"VisualDx Android/7.2.14 (Android 5.1.1-S100; LENOVO Lenovo PB1-750M/msm8916;WIFI)",280
"Mozilla/5.0 (Macintosh; Intel Mac OS X 10_12_3) AppleWebKit/602.4.8 (KHTML, like Gecko)",278
"Mozilla/4.0 (compatible; MSIE 8.0; Windows NT 6.1; WOW64; Trident/4.0; chromeframe/29.0.1547.76; SLCC2; .NET CLR 2.0.50727; .NET CLR 3.5.30729; .NET CLR 3.0.30729; .NET4.0C; .NET4.0E; .NET CLR 1.1.4322; Media Center PC 6.0)",278
"Mozilla/5.0 (Linux; Android 6.0.1; P01M Build/MMB29P) AppleWebKit/537.36 (KHTML, like Gecko) Chrome/56.0.2924.87 Safari/537.36",278
"VisualDx Android/7.2.14 (Android 5.0.2-LRX22G; asus ASUS_Z010D/msm8916;WIFI)",278
"Mozilla/5.0 (Macintosh; Intel Mac OS X 10.10; rv:50.0) Gecko/20100101 Firefox/50.0",277
"Mozilla/5.0 (Windows NT 6.0) AppleWebKit/537.36 (KHTML, like Gecko) Chrome/49.0.2623.112 Safari/537.36 OPR/36.0.2130.80",277
"Mozilla/5.0 (Linux; Android 4.4.2; LG-E980 Build/KOT49I.E98020i) AppleWebKit/537.36 (KHTML, like Gecko) Chrome/56.0.2924.87 Mobile Safari/537.36",277
"VisualDx Apple/2.24.1 (10.2;iPhone;mobile)",276
"com.google.GoogleMobile/23.1.0 iPhone/10.2.1 hw/iPhone8_2",276
"VisualDx Android/7.2.11 (Android 5.1.1-LMY47X; samsung SM-P605/MSM8974;WIFI)",276
"VisualDx Apple/2.25.1 (7.1.2;iPhone;mobile)",276
"Mozilla/5.0 (Linux; Android 6.0; VS985 4G Build/MRA58K) AppleWebKit/537.36 (KHTML, like Gecko) Chrome/57.0.2987.108 Mobile Safari/537.36",276
"Mozilla/5.0 (Linux; Android 6.0.1; SM-A510F Build/MMB29K) AppleWebKit/537.36 (KHTML, like Gecko) Chrome/56.0.2924.87 Mobile Safari/537.36",275
"Mozilla/4.0 (compatible; MSIE 8.0; Windows NT 5.1; Trident/4.0; chromeframe/19.0.1084.52; .NET CLR 2.0.50727; .NET CLR 3.0.4506.2152; .NET CLR 3.5.30729)",275
"VisualDx Android/2.22 (Android 5.0-LRX21V; samsung SM-N900V/MSM8974;MOBILE)",273
